-- SET ECHO ON

--Satish's member
set define off;
Insert into ODS.PERSON (PERSONID,FIRSTNM,MIDDLEINITIAL,LASTNM,SALUTATION,SUFFIX,FULLNM,GENDER,SSN,DTOFBIRTH,ETHNICRACE,MARITALSTATUSMNEMONIC,EFFECTIVESTARTDT,EFFECTIVEENDDT,RECORDINSERTDT,RECORDUPDTDT,INSERTEDBY,UPDTDBY,LAST4SSN,EXCLUSIONCODE,MAIDENNM,TITLE,PERSONTYPE,SOURCEPERSONIDEXT,SOURCEPERSONIDOID) values (198968,'KENNETH',null,'MOREIRA',null,null,'KENNETH MOREIRA','M',null,to_date('16-FEB-77','DD-MON-RR'),null,null,null,null,to_timestamp('15-NOV-06 10.06.41.000000000 AM','DD-MON-RR HH.MI.SSXFF AM'),to_timestamp('15-NOV-06 10.06.41.000000000 AM','DD-MON-RR HH.MI.SSXFF AM'),'ETL_USER','ETL_USER',null,null,null,null,null,null,null);
Insert into ODS.MEMBER (MEMBERID,DATASOURCENM,AHMSUPPLIERID,SOURCEMEMBERPATIENTID,PERSONID,MEMBERTYPECODE,EFFECTIVESTARTDT,EFFECTIVEENDDT,RECORDINSERTDT,RECORDUPDTDT,INSERTEDBY,UPDTDBY,PRIMARYMEMBERPLANID,ELIGIBILITYTIER,EXCLUSIONCODE,VIPFLG,CONTACTPREFERENCECD,PREGOLIVETERMFLG,DUALENROLLMENTFLG,INSURANCEDUALCOVERAGEFLG) values (53835036,'CAREENGINE',1971,'776395737   02',198968,'E',to_date('03-JAN-16','DD-MON-RR'),null,to_timestamp('12-AUG-16 09.42.25.352825000 AM','DD-MON-RR HH.MI.SSXFF AM'),to_timestamp('16-MAY-16 03.37.20.000000000 PM','DD-MON-RR HH.MI.SSXFF AM'),'ETL_USER','MANTIS_20246',53835036,null,null,'N',null,'N',null,null);
Insert into ODS.MEMBERMEMBERRELATION (MEMBERMEMBERSKEY,MEMBERID,DEPENDENTMEMBERID,DEPENDENTTYPE,EFFECTIVESTARTDT,EFFECTIVEENDDT,RECORDINSERTDT,RECORDUPDTDT,INSERTEDBY,UPDTDBY,DEPENDENTSUBTYPECD) values (10000096380553,53835036,53835036,'E',null,null,to_timestamp('03-JAN-16 01.25.34.000000000 PM','DD-MON-RR HH.MI.SSXFF AM'),to_timestamp('03-JAN-16 01.25.34.000000000 PM','DD-MON-RR HH.MI.SSXFF AM'),'ETL_USER','ETL_USER','E');

--Max's members

--Positive Scenarios: Inserting a new member with a member id of 344363069 for the supplier with an id of 15700
Insert into ODS.PERSON (PERSONID,FIRSTNM,MIDDLEINITIAL,LASTNM,SALUTATION,SUFFIX,FULLNM,GENDER,SSN,DTOFBIRTH,ETHNICRACE,MARITALSTATUSMNEMONIC,EFFECTIVESTARTDT,EFFECTIVEENDDT,RECORDINSERTDT,RECORDUPDTDT,INSERTEDBY,UPDTDBY,LAST4SSN,EXCLUSIONCODE,MAIDENNM,TITLE,PERSONTYPE,SOURCEPERSONIDEXT,SOURCEPERSONIDOID) 
values (601752428,'MYMZPM',null,'NGOWUZSTMY',null,null,'MYMZPM NGOWUZSTMY','F',null,to_date('20-AUG-82','DD-MON-RR'),null,null,null,null,CURRENT_TIMESTAMP,CURRENT_TIMESTAMP,'ETL_USER','ETL_USER',null,null,null,null,'E',null,null);
Insert into ODS.MEMBER (MEMBERID,DATASOURCENM,AHMSUPPLIERID,SOURCEMEMBERPATIENTID,PERSONID,MEMBERTYPECODE,EFFECTIVESTARTDT,EFFECTIVEENDDT,RECORDINSERTDT,RECORDUPDTDT,INSERTEDBY,UPDTDBY,PRIMARYMEMBERPLANID,ELIGIBILITYTIER,EXCLUSIONCODE,VIPFLG,CONTACTPREFERENCECD,PREGOLIVETERMFLG,DUALENROLLMENTFLG,INSURANCEDUALCOVERAGEFLG) 
values (344363069,'CAREENGINE',15700,'516190591F8208AMANDA',601752428,'E',to_date('01-JAN-19','DD-MON-YY'),null,CURRENT_TIMESTAMP,CURRENT_TIMESTAMP,'ETL_USER','ETL_USER',1686329174,null,null,'E',null,null,null,null);
Insert into ODS.MEMBERMEMBERRELATION (MEMBERMEMBERSKEY,MEMBERID,DEPENDENTMEMBERID,DEPENDENTTYPE,EFFECTIVESTARTDT,EFFECTIVEENDDT,RECORDINSERTDT,RECORDUPDTDT,INSERTEDBY,UPDTDBY,DEPENDENTSUBTYPECD) 
values (1109008702,344363069,344363069,'E',null,null,CURRENT_TIMESTAMP,CURRENT_TIMESTAMP,'ETL_USER','ETL_USER',null);

--Negative Scenarios: Inserting a new member with a member id of 344363070 for the supplier with an id of 15700
Insert into ODS.PERSON (PERSONID,FIRSTNM,MIDDLEINITIAL,LASTNM,SALUTATION,SUFFIX,FULLNM,GENDER,SSN,DTOFBIRTH,ETHNICRACE,MARITALSTATUSMNEMONIC,EFFECTIVESTARTDT,EFFECTIVEENDDT,RECORDINSERTDT,RECORDUPDTDT,INSERTEDBY,UPDTDBY,LAST4SSN,EXCLUSIONCODE,MAIDENNM,TITLE,PERSONTYPE,SOURCEPERSONIDEXT,SOURCEPERSONIDOID) 
values (601752429,'EDGERIN',null,'JAMES',null,null,'EDGERIN JAMES','M',null,to_date('21-SEP-83','DD-MON-RR'),null,null,null,null,CURRENT_TIMESTAMP,CURRENT_TIMESTAMP,'ETL_USER','ETL_USER',null,null,null,null,'E',null,null);
Insert into ODS.MEMBER (MEMBERID,DATASOURCENM,AHMSUPPLIERID,SOURCEMEMBERPATIENTID,PERSONID,MEMBERTYPECODE,EFFECTIVESTARTDT,EFFECTIVEENDDT,RECORDINSERTDT,RECORDUPDTDT,INSERTEDBY,UPDTDBY,PRIMARYMEMBERPLANID,ELIGIBILITYTIER,EXCLUSIONCODE,VIPFLG,CONTACTPREFERENCECD,PREGOLIVETERMFLG,DUALENROLLMENTFLG,INSURANCEDUALCOVERAGEFLG) 
values (344363070,'CAREENGINE',15700,'2019Q1S4REGRESSION',601752429,'E',to_date('01-JAN-19','DD-MON-YY'),null,CURRENT_TIMESTAMP,CURRENT_TIMESTAMP,'ETL_USER','ETL_USER',1686329175,null,null,'N',null,null,null,null);
Insert into ODS.MEMBERMEMBERRELATION (MEMBERMEMBERSKEY,MEMBERID,DEPENDENTMEMBERID,DEPENDENTTYPE,EFFECTIVESTARTDT,EFFECTIVEENDDT,RECORDINSERTDT,RECORDUPDTDT,INSERTEDBY,UPDTDBY,DEPENDENTSUBTYPECD) 
values (1109008703,344363070,344363070,'E',null,null,CURRENT_TIMESTAMP,CURRENT_TIMESTAMP,'ETL_USER','ETL_USER',null);

--Positive Scenarios: Attaching a member with the id of 344363069 to the survey with an id of 1061538904
-- HJD -- Insert into ODS.VWDMHRAMEMBERSURVEY (MEMBERID,MEMBERPLANID,SOURCEMEMBERPATIENTID,AHMSUPPLIERID,HRATYPE,HRAASSMNTID,HRASOURCEASSMNTID,DATASOURCENM,SURVEYNM,SURVEYSTATUS,SURVEYDT,SURVEYTEMPLATESKEY,VENDORSOURCENM,SURVEYRESPONSEDT,COMPLETIONDT,RECORDINSERTDT,INSERTEDBY,RECORDUPDTDT,UPDTDBY)
-- HJD -- values (344363069,1686329174,'516190591F8208AMANDA',15700,'PHR_UE',1061538904,1,'PHR','Default','Y','2019-02-15',43,'UE','2019-02-15','2019-02-15',systimestamp,'test',systimestamp,'test');

--Positive Scenarios: Labeling a survey for a member with the id of 344363069 as complete
Insert into ODS.HRAMEMBERSURVEY (HRAASSMNTID,ZDEL_MEMBERPLANID,MEMBERID,HRASOURCEASSMNTID,DATASOURCENM,SURVEYNM,SURVEYSTATUS,RECORDINSERTDT,RECORDUPDTDT,INSERTEDBY,UPDTDBY,SURVEYDT,SURVEYTEMPLATESKEY,VENDORSOURCENM,SURVEYRESPONSEDT,COMPLETIONDT,LOCATIONSOURCENM) values (1061538904,959676,344363069,362810,'PHR',null,'Y',to_timestamp('10-MAR-19 11.35.13.000000000 AM','DD-MON-RR HH.MI.SSXFF AM'),to_timestamp('10-MAR-19 06.32.47.000000000 PM','DD-MON-RR HH.MI.SSXFF AM'),'ODS_USER','ODS_USER',to_date('10-MAR-19','DD-MON-RR'),43,'UE',null,null,null);


--Ertekin's Members

-- Inserting a new member for the supplier with an id of 14010 for the HYW and BIOMETRIC activities
Insert into ODS.PERSON (PERSONID,FIRSTNM,MIDDLEINITIAL,LASTNM,SALUTATION,SUFFIX,FULLNM,GENDER,SSN,DTOFBIRTH,ETHNICRACE,MARITALSTATUSMNEMONIC,EFFECTIVESTARTDT,EFFECTIVEENDDT,RECORDINSERTDT,RECORDUPDTDT,INSERTEDBY,UPDTDBY,LAST4SSN,EXCLUSIONCODE,MAIDENNM,TITLE,PERSONTYPE,SOURCEPERSONIDEXT,SOURCEPERSONIDOID) 
values (640833132,'ALEXA',null,'ECEREN',null,null,'ALEXA ECEREN','F',null,to_date('20-AUG-82','DD-MON-RR'),null,null,null,null,CURRENT_TIMESTAMP,CURRENT_TIMESTAMP,'ETL_USER','ETL_USER',null,null,null,null,'M',null,null);
Insert into ODS.MEMBER (MEMBERID,DATASOURCENM,AHMSUPPLIERID,SOURCEMEMBERPATIENTID,PERSONID,MEMBERTYPECODE,EFFECTIVESTARTDT,EFFECTIVEENDDT,RECORDINSERTDT,RECORDUPDTDT,INSERTEDBY,UPDTDBY,PRIMARYMEMBERPLANID,ELIGIBILITYTIER,EXCLUSIONCODE,VIPFLG,CONTACTPREFERENCECD,PREGOLIVETERMFLG,DUALENROLLMENTFLG,INSURANCEDUALCOVERAGEFLG) 
values (2042201,'CAREENGINE',14010,'516190591F8208AMANDA',640833132,'E',to_date('01-JAN-19','DD-MON-YY'),null,CURRENT_TIMESTAMP,CURRENT_TIMESTAMP,'ETL_USER','ETL_USER',1908000100,null,null,'N',null,null,null,null);
Insert into ODS.MEMBERMEMBERRELATION (MEMBERMEMBERSKEY,MEMBERID,DEPENDENTMEMBERID,DEPENDENTTYPE,EFFECTIVESTARTDT,EFFECTIVEENDDT,RECORDINSERTDT,RECORDUPDTDT,INSERTEDBY,UPDTDBY,DEPENDENTSUBTYPECD) 
values (11000097091101,2042201,2042201,'E',null,null,CURRENT_TIMESTAMP,CURRENT_TIMESTAMP,'ETL_USER','ETL_USER','E');

--------------------------
--BIOMETRIC_COMP----------
--------------------------

-- Inserting a new member for the supplier with an id of 14010 for the BIOMETRIC activities for 
--********NEGATIVE SCENARIO**************PASTDUE --> MEMBERID=2042211, PRIMARYMEMBERPLANID=1908000111
Insert into ODS.PERSON (PERSONID,FIRSTNM,MIDDLEINITIAL,LASTNM,SALUTATION,SUFFIX,FULLNM,GENDER,SSN,DTOFBIRTH,ETHNICRACE,MARITALSTATUSMNEMONIC,EFFECTIVESTARTDT,EFFECTIVEENDDT,RECORDINSERTDT,RECORDUPDTDT,INSERTEDBY,UPDTDBY,LAST4SSN,EXCLUSIONCODE,MAIDENNM,TITLE,PERSONTYPE,SOURCEPERSONIDEXT,SOURCEPERSONIDOID) 
values (640833151,'ALEXA',null,'ECEREN',null,null,'ALEXA ECEREN','F',null,to_date('20-AUG-82','DD-MON-RR'),null,null,null,null,CURRENT_TIMESTAMP,CURRENT_TIMESTAMP,'ETL_USER','ETL_USER',null,null,null,null,'M',null,null);
Insert into ODS.MEMBER (MEMBERID,DATASOURCENM,AHMSUPPLIERID,SOURCEMEMBERPATIENTID,PERSONID,MEMBERTYPECODE,EFFECTIVESTARTDT,EFFECTIVEENDDT,RECORDINSERTDT,RECORDUPDTDT,INSERTEDBY,UPDTDBY,PRIMARYMEMBERPLANID,ELIGIBILITYTIER,EXCLUSIONCODE,VIPFLG,CONTACTPREFERENCECD,PREGOLIVETERMFLG,DUALENROLLMENTFLG,INSURANCEDUALCOVERAGEFLG) 
values (2042211,'CAREENGINE',14010,'516190591F8208AMANDA',640833151,'E',to_date('01-JAN-19','DD-MON-YY'),null,CURRENT_TIMESTAMP,CURRENT_TIMESTAMP,'ETL_USER','ETL_USER',1908000111,null,null,'N',null,null,null,null);
Insert into ODS.MEMBERMEMBERRELATION (MEMBERMEMBERSKEY,MEMBERID,DEPENDENTMEMBERID,DEPENDENTTYPE,EFFECTIVESTARTDT,EFFECTIVEENDDT,RECORDINSERTDT,RECORDUPDTDT,INSERTEDBY,UPDTDBY,DEPENDENTSUBTYPECD) 
values (11000097091111,2042211,2042211,'E',null,null,CURRENT_TIMESTAMP,CURRENT_TIMESTAMP,'ETL_USER','ETL_USER','E');

-- Inserting a new member for the supplier with an id of 14010 for the BIOMETRIC activities for 
--********NEGATIVE SCENARIO**************INCOMPLETE WRONG QUESTIONID--> MEMBERID=2042212, PRIMARYMEMBERPLANID=190800012
Insert into ODS.PERSON (PERSONID,FIRSTNM,MIDDLEINITIAL,LASTNM,SALUTATION,SUFFIX,FULLNM,GENDER,SSN,DTOFBIRTH,ETHNICRACE,MARITALSTATUSMNEMONIC,EFFECTIVESTARTDT,EFFECTIVEENDDT,RECORDINSERTDT,RECORDUPDTDT,INSERTEDBY,UPDTDBY,LAST4SSN,EXCLUSIONCODE,MAIDENNM,TITLE,PERSONTYPE,SOURCEPERSONIDEXT,SOURCEPERSONIDOID) 
values (640833152,'ALEXA',null,'ECEREN',null,null,'ALEXA ECEREN','F',null,to_date('20-AUG-82','DD-MON-RR'),null,null,null,null,CURRENT_TIMESTAMP,CURRENT_TIMESTAMP,'ETL_USER','ETL_USER',null,null,null,null,'M',null,null);
Insert into ODS.MEMBER (MEMBERID,DATASOURCENM,AHMSUPPLIERID,SOURCEMEMBERPATIENTID,PERSONID,MEMBERTYPECODE,EFFECTIVESTARTDT,EFFECTIVEENDDT,RECORDINSERTDT,RECORDUPDTDT,INSERTEDBY,UPDTDBY,PRIMARYMEMBERPLANID,ELIGIBILITYTIER,EXCLUSIONCODE,VIPFLG,CONTACTPREFERENCECD,PREGOLIVETERMFLG,DUALENROLLMENTFLG,INSURANCEDUALCOVERAGEFLG) 
values (2042212,'CAREENGINE',14010,'516190591F8208AMANDA',640833152,'E',to_date('01-JAN-19','DD-MON-YY'),null,CURRENT_TIMESTAMP,CURRENT_TIMESTAMP,'ETL_USER','ETL_USER',1908000112,null,null,'N',null,null,null,null);
Insert into ODS.MEMBERMEMBERRELATION (MEMBERMEMBERSKEY,MEMBERID,DEPENDENTMEMBERID,DEPENDENTTYPE,EFFECTIVESTARTDT,EFFECTIVEENDDT,RECORDINSERTDT,RECORDUPDTDT,INSERTEDBY,UPDTDBY,DEPENDENTSUBTYPECD) 
values (11000097091112,2042212,2042212,'E',null,null,CURRENT_TIMESTAMP,CURRENT_TIMESTAMP,'ETL_USER','ETL_USER','E');

--------------------------
--HYW---------------------
--------------------------

-- Inserting a new member for the supplier with an id of 14010 for the HYW activities for 11501
--********NEGATIVE SCENARIO**************INCOMPLETE WRONG QUESTIONID--> MEMBERID=2042213, PRIMARYMEMBERPLANID=1908000113
Insert into ODS.PERSON (PERSONID,FIRSTNM,MIDDLEINITIAL,LASTNM,SALUTATION,SUFFIX,FULLNM,GENDER,SSN,DTOFBIRTH,ETHNICRACE,MARITALSTATUSMNEMONIC,EFFECTIVESTARTDT,EFFECTIVEENDDT,RECORDINSERTDT,RECORDUPDTDT,INSERTEDBY,UPDTDBY,LAST4SSN,EXCLUSIONCODE,MAIDENNM,TITLE,PERSONTYPE,SOURCEPERSONIDEXT,SOURCEPERSONIDOID) 
values (640833153,'ALEXA',null,'ECEREN',null,null,'ALEXA ECEREN','F',null,to_date('20-AUG-82','DD-MON-RR'),null,null,null,null,CURRENT_TIMESTAMP,CURRENT_TIMESTAMP,'ETL_USER','ETL_USER',null,null,null,null,'M',null,null);
Insert into ODS.MEMBER (MEMBERID,DATASOURCENM,AHMSUPPLIERID,SOURCEMEMBERPATIENTID,PERSONID,MEMBERTYPECODE,EFFECTIVESTARTDT,EFFECTIVEENDDT,RECORDINSERTDT,RECORDUPDTDT,INSERTEDBY,UPDTDBY,PRIMARYMEMBERPLANID,ELIGIBILITYTIER,EXCLUSIONCODE,VIPFLG,CONTACTPREFERENCECD,PREGOLIVETERMFLG,DUALENROLLMENTFLG,INSURANCEDUALCOVERAGEFLG) 
values (2042213,'CAREENGINE',14010,'516190591F8208AMANDA',640833153,'E',to_date('01-JAN-19','DD-MON-YY'),null,CURRENT_TIMESTAMP,CURRENT_TIMESTAMP,'ETL_USER','ETL_USER',1908000113,null,null,'N',null,null,null,null);
Insert into ODS.MEMBERMEMBERRELATION (MEMBERMEMBERSKEY,MEMBERID,DEPENDENTMEMBERID,DEPENDENTTYPE,EFFECTIVESTARTDT,EFFECTIVEENDDT,RECORDINSERTDT,RECORDUPDTDT,INSERTEDBY,UPDTDBY,DEPENDENTSUBTYPECD) 
values (11000097091113,2042213,2042213,'E',null,null,CURRENT_TIMESTAMP,CURRENT_TIMESTAMP,'ETL_USER','ETL_USER','E');

-- Inserting a new member for the supplier with an id of 14010 for the HYW activities for 11501
--********NEGATIVE SCENARIO**************INCOMPLETE MISSING QUESTIONID--> MEMBERID=2042212, PRIMARYMEMBERPLANID=1908000114
Insert into ODS.PERSON (PERSONID,FIRSTNM,MIDDLEINITIAL,LASTNM,SALUTATION,SUFFIX,FULLNM,GENDER,SSN,DTOFBIRTH,ETHNICRACE,MARITALSTATUSMNEMONIC,EFFECTIVESTARTDT,EFFECTIVEENDDT,RECORDINSERTDT,RECORDUPDTDT,INSERTEDBY,UPDTDBY,LAST4SSN,EXCLUSIONCODE,MAIDENNM,TITLE,PERSONTYPE,SOURCEPERSONIDEXT,SOURCEPERSONIDOID) 
values (640833154,'ALEXA',null,'ECEREN',null,null,'ALEXA ECEREN','F',null,to_date('20-AUG-82','DD-MON-RR'),null,null,null,null,CURRENT_TIMESTAMP,CURRENT_TIMESTAMP,'ETL_USER','ETL_USER',null,null,null,null,'M',null,null);
Insert into ODS.MEMBER (MEMBERID,DATASOURCENM,AHMSUPPLIERID,SOURCEMEMBERPATIENTID,PERSONID,MEMBERTYPECODE,EFFECTIVESTARTDT,EFFECTIVEENDDT,RECORDINSERTDT,RECORDUPDTDT,INSERTEDBY,UPDTDBY,PRIMARYMEMBERPLANID,ELIGIBILITYTIER,EXCLUSIONCODE,VIPFLG,CONTACTPREFERENCECD,PREGOLIVETERMFLG,DUALENROLLMENTFLG,INSURANCEDUALCOVERAGEFLG) 
values (2042214,'CAREENGINE',14010,'516190591F8208AMANDA',640833154,'E',to_date('01-JAN-19','DD-MON-YY'),null,CURRENT_TIMESTAMP,CURRENT_TIMESTAMP,'ETL_USER','ETL_USER',1908000114,null,null,'N',null,null,null,null);
Insert into ODS.MEMBERMEMBERRELATION (MEMBERMEMBERSKEY,MEMBERID,DEPENDENTMEMBERID,DEPENDENTTYPE,EFFECTIVESTARTDT,EFFECTIVEENDDT,RECORDINSERTDT,RECORDUPDTDT,INSERTEDBY,UPDTDBY,DEPENDENTSUBTYPECD) 
values (11000097091114,2042214,2042214,'E',null,null,CURRENT_TIMESTAMP,CURRENT_TIMESTAMP,'ETL_USER','ETL_USER','E');

-- Inserting a new member for the supplier with an id of 14010 for the HYW activities for 11502
--********NEGATIVE SCENARIO**************NOT ON THE SAME DATE--> MEMBERID=2042215, PRIMARYMEMBERPLANID=1908000115
Insert into ODS.PERSON (PERSONID,FIRSTNM,MIDDLEINITIAL,LASTNM,SALUTATION,SUFFIX,FULLNM,GENDER,SSN,DTOFBIRTH,ETHNICRACE,MARITALSTATUSMNEMONIC,EFFECTIVESTARTDT,EFFECTIVEENDDT,RECORDINSERTDT,RECORDUPDTDT,INSERTEDBY,UPDTDBY,LAST4SSN,EXCLUSIONCODE,MAIDENNM,TITLE,PERSONTYPE,SOURCEPERSONIDEXT,SOURCEPERSONIDOID) 
values (640833155,'ALEXA',null,'ECEREN',null,null,'ALEXA ECEREN','F',null,to_date('20-AUG-82','DD-MON-RR'),null,null,null,null,CURRENT_TIMESTAMP,CURRENT_TIMESTAMP,'ETL_USER','ETL_USER',null,null,null,null,'M',null,null);
Insert into ODS.MEMBER (MEMBERID,DATASOURCENM,AHMSUPPLIERID,SOURCEMEMBERPATIENTID,PERSONID,MEMBERTYPECODE,EFFECTIVESTARTDT,EFFECTIVEENDDT,RECORDINSERTDT,RECORDUPDTDT,INSERTEDBY,UPDTDBY,PRIMARYMEMBERPLANID,ELIGIBILITYTIER,EXCLUSIONCODE,VIPFLG,CONTACTPREFERENCECD,PREGOLIVETERMFLG,DUALENROLLMENTFLG,INSURANCEDUALCOVERAGEFLG) 
values (2042215,'CAREENGINE',14010,'516190591F8208AMANDA',640833155,'E',to_date('01-JAN-19','DD-MON-YY'),null,CURRENT_TIMESTAMP,CURRENT_TIMESTAMP,'ETL_USER','ETL_USER',1908000115,null,null,'N',null,null,null,null);
Insert into ODS.MEMBERMEMBERRELATION (MEMBERMEMBERSKEY,MEMBERID,DEPENDENTMEMBERID,DEPENDENTTYPE,EFFECTIVESTARTDT,EFFECTIVEENDDT,RECORDINSERTDT,RECORDUPDTDT,INSERTEDBY,UPDTDBY,DEPENDENTSUBTYPECD) 
values (11000097091115,2042215,2042215,'E',null,null,CURRENT_TIMESTAMP,CURRENT_TIMESTAMP,'ETL_USER','ETL_USER','E');


--------------------------
--PS_WellAdult------------
--------------------------

-- Inserting a new member for the supplier with an id of 14010 for the PREV_SCREENING activities 
--for 11504,'PS_WellAdult'
Insert into ODS.PERSON (PERSONID,FIRSTNM,MIDDLEINITIAL,LASTNM,SALUTATION,SUFFIX,FULLNM,GENDER,SSN,DTOFBIRTH,ETHNICRACE,MARITALSTATUSMNEMONIC,EFFECTIVESTARTDT,EFFECTIVEENDDT,RECORDINSERTDT,RECORDUPDTDT,INSERTEDBY,UPDTDBY,LAST4SSN,EXCLUSIONCODE,MAIDENNM,TITLE,PERSONTYPE,SOURCEPERSONIDEXT,SOURCEPERSONIDOID) 
values (640833135,'ALEXA',null,'ECEREN',null,null,'ALEXA ECEREN','F',null,to_date('20-AUG-82','DD-MON-RR'),null,null,null,null,CURRENT_TIMESTAMP,CURRENT_TIMESTAMP,'ETL_USER','ETL_USER',null,null,null,null,'M',null,null);
Insert into ODS.MEMBER (MEMBERID,DATASOURCENM,AHMSUPPLIERID,SOURCEMEMBERPATIENTID,PERSONID,MEMBERTYPECODE,EFFECTIVESTARTDT,EFFECTIVEENDDT,RECORDINSERTDT,RECORDUPDTDT,INSERTEDBY,UPDTDBY,PRIMARYMEMBERPLANID,ELIGIBILITYTIER,EXCLUSIONCODE,VIPFLG,CONTACTPREFERENCECD,PREGOLIVETERMFLG,DUALENROLLMENTFLG,INSURANCEDUALCOVERAGEFLG) 
values (2042204,'CAREENGINE',14010,'516190591F8208AMANDA',640833135,'E',to_date('01-JAN-19','DD-MON-YY'),null,CURRENT_TIMESTAMP,CURRENT_TIMESTAMP,'ETL_USER','ETL_USER',1908000103,null,null,'N',null,null,null,null);
Insert into ODS.MEMBERMEMBERRELATION (MEMBERMEMBERSKEY,MEMBERID,DEPENDENTMEMBERID,DEPENDENTTYPE,EFFECTIVESTARTDT,EFFECTIVEENDDT,RECORDINSERTDT,RECORDUPDTDT,INSERTEDBY,UPDTDBY,DEPENDENTSUBTYPECD) 
values (11000097091104,2042204,2042204,'E',null,null,CURRENT_TIMESTAMP,CURRENT_TIMESTAMP,'ETL_USER','ETL_USER','E');


-- Inserting a new member for the supplier with an id of 14010 for the PREV_SCREENING activities for 11504
--********NEGATIVE SCENARIO**************LESS THAN 21--> MEMBERID=2042216, PRIMARYMEMBERPLANID=190800016
Insert into ODS.PERSON (PERSONID,FIRSTNM,MIDDLEINITIAL,LASTNM,SALUTATION,SUFFIX,FULLNM,GENDER,SSN,DTOFBIRTH,ETHNICRACE,MARITALSTATUSMNEMONIC,EFFECTIVESTARTDT,EFFECTIVEENDDT,RECORDINSERTDT,RECORDUPDTDT,INSERTEDBY,UPDTDBY,LAST4SSN,EXCLUSIONCODE,MAIDENNM,TITLE,PERSONTYPE,SOURCEPERSONIDEXT,SOURCEPERSONIDOID) 
values (640833156,'ALEXA',null,'ECEREN',null,null,'ALEXA ECEREN','F',null,to_date('20-AUG-02','DD-MON-RR'),null,null,null,null,CURRENT_TIMESTAMP,CURRENT_TIMESTAMP,'ETL_USER','ETL_USER',null,null,null,null,'M',null,null);
Insert into ODS.MEMBER (MEMBERID,DATASOURCENM,AHMSUPPLIERID,SOURCEMEMBERPATIENTID,PERSONID,MEMBERTYPECODE,EFFECTIVESTARTDT,EFFECTIVEENDDT,RECORDINSERTDT,RECORDUPDTDT,INSERTEDBY,UPDTDBY,PRIMARYMEMBERPLANID,ELIGIBILITYTIER,EXCLUSIONCODE,VIPFLG,CONTACTPREFERENCECD,PREGOLIVETERMFLG,DUALENROLLMENTFLG,INSURANCEDUALCOVERAGEFLG) 
values (2042216,'CAREENGINE',14010,'516190591F8208AMANDA',640833156,'E',to_date('01-JAN-19','DD-MON-YY'),null,CURRENT_TIMESTAMP,CURRENT_TIMESTAMP,'ETL_USER','ETL_USER',1908000116,null,null,'N',null,null,null,null);
Insert into ODS.MEMBERMEMBERRELATION (MEMBERMEMBERSKEY,MEMBERID,DEPENDENTMEMBERID,DEPENDENTTYPE,EFFECTIVESTARTDT,EFFECTIVEENDDT,RECORDINSERTDT,RECORDUPDTDT,INSERTEDBY,UPDTDBY,DEPENDENTSUBTYPECD) 
values (11000097091114,2042216,2042216,'E',null,null,CURRENT_TIMESTAMP,CURRENT_TIMESTAMP,'ETL_USER','ETL_USER','E');

-- Inserting a new member for the supplier with an id of 14010 for the PREV_SCREENING activities for 11504
--********NEGATIVE SCENARIO**************DIFFERENT ELEMENTID--> MEMBERID=2042217, PRIMARYMEMBERPLANID=1908000117
Insert into ODS.PERSON (PERSONID,FIRSTNM,MIDDLEINITIAL,LASTNM,SALUTATION,SUFFIX,FULLNM,GENDER,SSN,DTOFBIRTH,ETHNICRACE,MARITALSTATUSMNEMONIC,EFFECTIVESTARTDT,EFFECTIVEENDDT,RECORDINSERTDT,RECORDUPDTDT,INSERTEDBY,UPDTDBY,LAST4SSN,EXCLUSIONCODE,MAIDENNM,TITLE,PERSONTYPE,SOURCEPERSONIDEXT,SOURCEPERSONIDOID) 
values (640833157,'ALEXA',null,'ECEREN',null,null,'ALEXA ECEREN','F',null,to_date('20-AUG-82','DD-MON-RR'),null,null,null,null,CURRENT_TIMESTAMP,CURRENT_TIMESTAMP,'ETL_USER','ETL_USER',null,null,null,null,'M',null,null);
Insert into ODS.MEMBER (MEMBERID,DATASOURCENM,AHMSUPPLIERID,SOURCEMEMBERPATIENTID,PERSONID,MEMBERTYPECODE,EFFECTIVESTARTDT,EFFECTIVEENDDT,RECORDINSERTDT,RECORDUPDTDT,INSERTEDBY,UPDTDBY,PRIMARYMEMBERPLANID,ELIGIBILITYTIER,EXCLUSIONCODE,VIPFLG,CONTACTPREFERENCECD,PREGOLIVETERMFLG,DUALENROLLMENTFLG,INSURANCEDUALCOVERAGEFLG) 
values (2042217,'CAREENGINE',14010,'516190591F8208AMANDA',640833157,'E',to_date('01-JAN-19','DD-MON-YY'),null,CURRENT_TIMESTAMP,CURRENT_TIMESTAMP,'ETL_USER','ETL_USER',1908000117,null,null,'N',null,null,null,null);
Insert into ODS.MEMBERMEMBERRELATION (MEMBERMEMBERSKEY,MEMBERID,DEPENDENTMEMBERID,DEPENDENTTYPE,EFFECTIVESTARTDT,EFFECTIVEENDDT,RECORDINSERTDT,RECORDUPDTDT,INSERTEDBY,UPDTDBY,DEPENDENTSUBTYPECD) 
values (11000097091117,2042217,2042217,'E',null,null,CURRENT_TIMESTAMP,CURRENT_TIMESTAMP,'ETL_USER','ETL_USER','E');

--------------------------
--ACTTYPE_LC_TELP----------
--------------------------

--for 11511,'ACTTYPE_LC_TELP' --> for Q&A 50000002265 and 50000002266
Insert into ODS.PERSON (PERSONID,FIRSTNM,MIDDLEINITIAL,LASTNM,SALUTATION,SUFFIX,FULLNM,GENDER,SSN,DTOFBIRTH,ETHNICRACE,MARITALSTATUSMNEMONIC,EFFECTIVESTARTDT,EFFECTIVEENDDT,RECORDINSERTDT,RECORDUPDTDT,INSERTEDBY,UPDTDBY,LAST4SSN,EXCLUSIONCODE,MAIDENNM,TITLE,PERSONTYPE,SOURCEPERSONIDEXT,SOURCEPERSONIDOID) 
values (640833136,'ALEXA',null,'ECEREN',null,null,'ALEXA ECEREN','F',null,to_date('20-AUG-05','DD-MON-RR'),null,null,null,null,CURRENT_TIMESTAMP,CURRENT_TIMESTAMP,'ETL_USER','ETL_USER',null,null,null,null,'M',null,null);
Insert into ODS.MEMBER (MEMBERID,DATASOURCENM,AHMSUPPLIERID,SOURCEMEMBERPATIENTID,PERSONID,MEMBERTYPECODE,EFFECTIVESTARTDT,EFFECTIVEENDDT,RECORDINSERTDT,RECORDUPDTDT,INSERTEDBY,UPDTDBY,PRIMARYMEMBERPLANID,ELIGIBILITYTIER,EXCLUSIONCODE,VIPFLG,CONTACTPREFERENCECD,PREGOLIVETERMFLG,DUALENROLLMENTFLG,INSURANCEDUALCOVERAGEFLG) 
values (2042205,'CAREENGINE',14010,'516190591F8208AMANDA',640833136,'E',to_date('01-JAN-19','DD-MON-YY'),null,CURRENT_TIMESTAMP,CURRENT_TIMESTAMP,'ETL_USER','ETL_USER',1908000104,null,null,'N',null,null,null,null);
Insert into ODS.MEMBERMEMBERRELATION (MEMBERMEMBERSKEY,MEMBERID,DEPENDENTMEMBERID,DEPENDENTTYPE,EFFECTIVESTARTDT,EFFECTIVEENDDT,RECORDINSERTDT,RECORDUPDTDT,INSERTEDBY,UPDTDBY,DEPENDENTSUBTYPECD) 
values (11000097091105,2042205,2042205,'E',null,null,CURRENT_TIMESTAMP,CURRENT_TIMESTAMP,'ETL_USER','ETL_USER','E');

-- Inserting a new member for the supplier with an id of 14010 for the PREV_SCREENING activities for 11505
--********NEGATIVE SCENARIO**************GREATER THAN 21--> MEMBERID=2042218, PRIMARYMEMBERPLANID=1908000118
Insert into ODS.PERSON (PERSONID,FIRSTNM,MIDDLEINITIAL,LASTNM,SALUTATION,SUFFIX,FULLNM,GENDER,SSN,DTOFBIRTH,ETHNICRACE,MARITALSTATUSMNEMONIC,EFFECTIVESTARTDT,EFFECTIVEENDDT,RECORDINSERTDT,RECORDUPDTDT,INSERTEDBY,UPDTDBY,LAST4SSN,EXCLUSIONCODE,MAIDENNM,TITLE,PERSONTYPE,SOURCEPERSONIDEXT,SOURCEPERSONIDOID) 
values (640833158,'ALEXA',null,'ECEREN',null,null,'ALEXA ECEREN','F',null,to_date('20-AUG-92','DD-MON-RR'),null,null,null,null,CURRENT_TIMESTAMP,CURRENT_TIMESTAMP,'ETL_USER','ETL_USER',null,null,null,null,'M',null,null);
Insert into ODS.MEMBER (MEMBERID,DATASOURCENM,AHMSUPPLIERID,SOURCEMEMBERPATIENTID,PERSONID,MEMBERTYPECODE,EFFECTIVESTARTDT,EFFECTIVEENDDT,RECORDINSERTDT,RECORDUPDTDT,INSERTEDBY,UPDTDBY,PRIMARYMEMBERPLANID,ELIGIBILITYTIER,EXCLUSIONCODE,VIPFLG,CONTACTPREFERENCECD,PREGOLIVETERMFLG,DUALENROLLMENTFLG,INSURANCEDUALCOVERAGEFLG) 
values (2042218,'CAREENGINE',14010,'516190591F8208AMANDA',640833158,'E',to_date('01-JAN-19','DD-MON-YY'),null,CURRENT_TIMESTAMP,CURRENT_TIMESTAMP,'ETL_USER','ETL_USER',1908000118,null,null,'N',null,null,null,null);
Insert into ODS.MEMBERMEMBERRELATION (MEMBERMEMBERSKEY,MEMBERID,DEPENDENTMEMBERID,DEPENDENTTYPE,EFFECTIVESTARTDT,EFFECTIVEENDDT,RECORDINSERTDT,RECORDUPDTDT,INSERTEDBY,UPDTDBY,DEPENDENTSUBTYPECD) 
values (11000097091118,2042218,2042218,'E',null,null,CURRENT_TIMESTAMP,CURRENT_TIMESTAMP,'ETL_USER','ETL_USER','E');

-- Inserting a new member for the supplier with an id of 14010 for the PREV_SCREENING activities for 11505
--********NEGATIVE SCENARIO**************DIFFERENT ELEMENTID--> MEMBERID=2042219, PRIMARYMEMBERPLANID=1908000119
Insert into ODS.PERSON (PERSONID,FIRSTNM,MIDDLEINITIAL,LASTNM,SALUTATION,SUFFIX,FULLNM,GENDER,SSN,DTOFBIRTH,ETHNICRACE,MARITALSTATUSMNEMONIC,EFFECTIVESTARTDT,EFFECTIVEENDDT,RECORDINSERTDT,RECORDUPDTDT,INSERTEDBY,UPDTDBY,LAST4SSN,EXCLUSIONCODE,MAIDENNM,TITLE,PERSONTYPE,SOURCEPERSONIDEXT,SOURCEPERSONIDOID) 
values (640833159,'ALEXA',null,'ECEREN',null,null,'ALEXA ECEREN','F',null,to_date('20-AUG-05','DD-MON-RR'),null,null,null,null,CURRENT_TIMESTAMP,CURRENT_TIMESTAMP,'ETL_USER','ETL_USER',null,null,null,null,'M',null,null);
Insert into ODS.MEMBER (MEMBERID,DATASOURCENM,AHMSUPPLIERID,SOURCEMEMBERPATIENTID,PERSONID,MEMBERTYPECODE,EFFECTIVESTARTDT,EFFECTIVEENDDT,RECORDINSERTDT,RECORDUPDTDT,INSERTEDBY,UPDTDBY,PRIMARYMEMBERPLANID,ELIGIBILITYTIER,EXCLUSIONCODE,VIPFLG,CONTACTPREFERENCECD,PREGOLIVETERMFLG,DUALENROLLMENTFLG,INSURANCEDUALCOVERAGEFLG) 
values (2042219,'CAREENGINE',14010,'516190591F8208AMANDA',640833159,'E',to_date('01-JAN-19','DD-MON-YY'),null,CURRENT_TIMESTAMP,CURRENT_TIMESTAMP,'ETL_USER','ETL_USER',1908000119,null,null,'N',null,null,null,null);
Insert into ODS.MEMBERMEMBERRELATION (MEMBERMEMBERSKEY,MEMBERID,DEPENDENTMEMBERID,DEPENDENTTYPE,EFFECTIVESTARTDT,EFFECTIVEENDDT,RECORDINSERTDT,RECORDUPDTDT,INSERTEDBY,UPDTDBY,DEPENDENTSUBTYPECD) 
values (11000097091119,2042219,2042219,'E',null,null,CURRENT_TIMESTAMP,CURRENT_TIMESTAMP,'ETL_USER','ETL_USER','E');


--------------------------
--PS_WellWoman------------
--------------------------
--for 11506,'Well Woman'
Insert into ODS.PERSON (PERSONID,FIRSTNM,MIDDLEINITIAL,LASTNM,SALUTATION,SUFFIX,FULLNM,GENDER,SSN,DTOFBIRTH,ETHNICRACE,MARITALSTATUSMNEMONIC,EFFECTIVESTARTDT,EFFECTIVEENDDT,RECORDINSERTDT,RECORDUPDTDT,INSERTEDBY,UPDTDBY,LAST4SSN,EXCLUSIONCODE,MAIDENNM,TITLE,PERSONTYPE,SOURCEPERSONIDEXT,SOURCEPERSONIDOID) 
values (640833137,'ALEXA',null,'ECEREN',null,null,'ALEXA ECEREN','F',null,to_date('20-AUG-82','DD-MON-RR'),null,null,null,null,CURRENT_TIMESTAMP,CURRENT_TIMESTAMP,'ETL_USER','ETL_USER',null,null,null,null,'M',null,null);
Insert into ODS.MEMBER (MEMBERID,DATASOURCENM,AHMSUPPLIERID,SOURCEMEMBERPATIENTID,PERSONID,MEMBERTYPECODE,EFFECTIVESTARTDT,EFFECTIVEENDDT,RECORDINSERTDT,RECORDUPDTDT,INSERTEDBY,UPDTDBY,PRIMARYMEMBERPLANID,ELIGIBILITYTIER,EXCLUSIONCODE,VIPFLG,CONTACTPREFERENCECD,PREGOLIVETERMFLG,DUALENROLLMENTFLG,INSURANCEDUALCOVERAGEFLG) 
values (2042206,'CAREENGINE',14010,'516190591F8208AMANDA',640833137,'E',to_date('01-JAN-19','DD-MON-YY'),null,CURRENT_TIMESTAMP,CURRENT_TIMESTAMP,'ETL_USER','ETL_USER',1908000105,null,null,'N',null,null,null,null);
Insert into ODS.MEMBERMEMBERRELATION (MEMBERMEMBERSKEY,MEMBERID,DEPENDENTMEMBERID,DEPENDENTTYPE,EFFECTIVESTARTDT,EFFECTIVEENDDT,RECORDINSERTDT,RECORDUPDTDT,INSERTEDBY,UPDTDBY,DEPENDENTSUBTYPECD) 
values (11000097091106,2042206,2042206,'E',null,null,CURRENT_TIMESTAMP,CURRENT_TIMESTAMP,'ETL_USER','ETL_USER','E');


-- Inserting a new member for the supplier with an id of 14010 for the PREV_SCREENING activities for 11506
--********NEGATIVE SCENARIO**************GENDER = MALE--> MEMBERID=2042220, PRIMARYMEMBERPLANID=1908000120
Insert into ODS.PERSON (PERSONID,FIRSTNM,MIDDLEINITIAL,LASTNM,SALUTATION,SUFFIX,FULLNM,GENDER,SSN,DTOFBIRTH,ETHNICRACE,MARITALSTATUSMNEMONIC,EFFECTIVESTARTDT,EFFECTIVEENDDT,RECORDINSERTDT,RECORDUPDTDT,INSERTEDBY,UPDTDBY,LAST4SSN,EXCLUSIONCODE,MAIDENNM,TITLE,PERSONTYPE,SOURCEPERSONIDEXT,SOURCEPERSONIDOID) 
values (640833160,'ALEXA',null,'ECEREN',null,null,'ALEXA ECEREN','M',null,to_date('20-AUG-82','DD-MON-RR'),null,null,null,null,CURRENT_TIMESTAMP,CURRENT_TIMESTAMP,'ETL_USER','ETL_USER',null,null,null,null,'M',null,null);
Insert into ODS.MEMBER (MEMBERID,DATASOURCENM,AHMSUPPLIERID,SOURCEMEMBERPATIENTID,PERSONID,MEMBERTYPECODE,EFFECTIVESTARTDT,EFFECTIVEENDDT,RECORDINSERTDT,RECORDUPDTDT,INSERTEDBY,UPDTDBY,PRIMARYMEMBERPLANID,ELIGIBILITYTIER,EXCLUSIONCODE,VIPFLG,CONTACTPREFERENCECD,PREGOLIVETERMFLG,DUALENROLLMENTFLG,INSURANCEDUALCOVERAGEFLG) 
values (2042220,'CAREENGINE',14010,'516190591F8208AMANDA',640833160,'E',to_date('01-JAN-19','DD-MON-YY'),null,CURRENT_TIMESTAMP,CURRENT_TIMESTAMP,'ETL_USER','ETL_USER',1908000120,null,null,'N',null,null,null,null);
Insert into ODS.MEMBERMEMBERRELATION (MEMBERMEMBERSKEY,MEMBERID,DEPENDENTMEMBERID,DEPENDENTTYPE,EFFECTIVESTARTDT,EFFECTIVEENDDT,RECORDINSERTDT,RECORDUPDTDT,INSERTEDBY,UPDTDBY,DEPENDENTSUBTYPECD) 
values (11000097091120,2042220,2042220,'E',null,null,CURRENT_TIMESTAMP,CURRENT_TIMESTAMP,'ETL_USER','ETL_USER','E');

-- Inserting a new member for the supplier with an id of 14010 for the PREV_SCREENING activities for 11506
--********NEGATIVE SCENARIO**************DIFFERENT ELEMENTID--> MEMBERID=2042221, PRIMARYMEMBERPLANID=1908000121
Insert into ODS.PERSON (PERSONID,FIRSTNM,MIDDLEINITIAL,LASTNM,SALUTATION,SUFFIX,FULLNM,GENDER,SSN,DTOFBIRTH,ETHNICRACE,MARITALSTATUSMNEMONIC,EFFECTIVESTARTDT,EFFECTIVEENDDT,RECORDINSERTDT,RECORDUPDTDT,INSERTEDBY,UPDTDBY,LAST4SSN,EXCLUSIONCODE,MAIDENNM,TITLE,PERSONTYPE,SOURCEPERSONIDEXT,SOURCEPERSONIDOID) 
values (640833161,'ALEXA',null,'ECEREN',null,null,'ALEXA ECEREN','F',null,to_date('20-AUG-82','DD-MON-RR'),null,null,null,null,CURRENT_TIMESTAMP,CURRENT_TIMESTAMP,'ETL_USER','ETL_USER',null,null,null,null,'M',null,null);
Insert into ODS.MEMBER (MEMBERID,DATASOURCENM,AHMSUPPLIERID,SOURCEMEMBERPATIENTID,PERSONID,MEMBERTYPECODE,EFFECTIVESTARTDT,EFFECTIVEENDDT,RECORDINSERTDT,RECORDUPDTDT,INSERTEDBY,UPDTDBY,PRIMARYMEMBERPLANID,ELIGIBILITYTIER,EXCLUSIONCODE,VIPFLG,CONTACTPREFERENCECD,PREGOLIVETERMFLG,DUALENROLLMENTFLG,INSURANCEDUALCOVERAGEFLG) 
values (2042221,'CAREENGINE',14010,'516190591F8208AMANDA',640833161,'E',to_date('01-JAN-19','DD-MON-YY'),null,CURRENT_TIMESTAMP,CURRENT_TIMESTAMP,'ETL_USER','ETL_USER',1908000121,null,null,'N',null,null,null,null);
Insert into ODS.MEMBERMEMBERRELATION (MEMBERMEMBERSKEY,MEMBERID,DEPENDENTMEMBERID,DEPENDENTTYPE,EFFECTIVESTARTDT,EFFECTIVEENDDT,RECORDINSERTDT,RECORDUPDTDT,INSERTEDBY,UPDTDBY,DEPENDENTSUBTYPECD) 
values (11000097091121,2042221,2042221,'E',null,null,CURRENT_TIMESTAMP,CURRENT_TIMESTAMP,'ETL_USER','ETL_USER','E');


--------------------------
--PS_BreastCancer---------
--------------------------
--for 11507,'PS_BreastCancer'
Insert into ODS.PERSON (PERSONID,FIRSTNM,MIDDLEINITIAL,LASTNM,SALUTATION,SUFFIX,FULLNM,GENDER,SSN,DTOFBIRTH,ETHNICRACE,MARITALSTATUSMNEMONIC,EFFECTIVESTARTDT,EFFECTIVEENDDT,RECORDINSERTDT,RECORDUPDTDT,INSERTEDBY,UPDTDBY,LAST4SSN,EXCLUSIONCODE,MAIDENNM,TITLE,PERSONTYPE,SOURCEPERSONIDEXT,SOURCEPERSONIDOID) 
values (640833138,'ALEXA',null,'ECEREN',null,null,'ALEXA ECEREN','F',null,to_date('20-AUG-70','DD-MON-RR'),null,null,null,null,CURRENT_TIMESTAMP,CURRENT_TIMESTAMP,'ETL_USER','ETL_USER',null,null,null,null,'M',null,null);
Insert into ODS.MEMBER (MEMBERID,DATASOURCENM,AHMSUPPLIERID,SOURCEMEMBERPATIENTID,PERSONID,MEMBERTYPECODE,EFFECTIVESTARTDT,EFFECTIVEENDDT,RECORDINSERTDT,RECORDUPDTDT,INSERTEDBY,UPDTDBY,PRIMARYMEMBERPLANID,ELIGIBILITYTIER,EXCLUSIONCODE,VIPFLG,CONTACTPREFERENCECD,PREGOLIVETERMFLG,DUALENROLLMENTFLG,INSURANCEDUALCOVERAGEFLG) 
values (2042207,'CAREENGINE',14010,'516190591F8208AMANDA',640833138,'E',to_date('01-JAN-19','DD-MON-YY'),null,CURRENT_TIMESTAMP,CURRENT_TIMESTAMP,'ETL_USER','ETL_USER',1908000106,null,null,'N',null,null,null,null);
Insert into ODS.MEMBERMEMBERRELATION (MEMBERMEMBERSKEY,MEMBERID,DEPENDENTMEMBERID,DEPENDENTTYPE,EFFECTIVESTARTDT,EFFECTIVEENDDT,RECORDINSERTDT,RECORDUPDTDT,INSERTEDBY,UPDTDBY,DEPENDENTSUBTYPECD) 
values (11000097091107,2042207,2042207,'E',null,null,CURRENT_TIMESTAMP,CURRENT_TIMESTAMP,'ETL_USER','ETL_USER','E');


-- Inserting a new member for the supplier with an id of 14010 for the PREV_SCREENING activities for 11507
--********NEGATIVE SCENARIO**************GENDER = MALE--> MEMBERID=2042222, PRIMARYMEMBERPLANID=1908000122
Insert into ODS.PERSON (PERSONID,FIRSTNM,MIDDLEINITIAL,LASTNM,SALUTATION,SUFFIX,FULLNM,GENDER,SSN,DTOFBIRTH,ETHNICRACE,MARITALSTATUSMNEMONIC,EFFECTIVESTARTDT,EFFECTIVEENDDT,RECORDINSERTDT,RECORDUPDTDT,INSERTEDBY,UPDTDBY,LAST4SSN,EXCLUSIONCODE,MAIDENNM,TITLE,PERSONTYPE,SOURCEPERSONIDEXT,SOURCEPERSONIDOID) 
values (640833162,'ALEXA',null,'ECEREN',null,null,'ALEXA ECEREN','M',null,to_date('20-AUG-70','DD-MON-RR'),null,null,null,null,CURRENT_TIMESTAMP,CURRENT_TIMESTAMP,'ETL_USER','ETL_USER',null,null,null,null,'M',null,null);
Insert into ODS.MEMBER (MEMBERID,DATASOURCENM,AHMSUPPLIERID,SOURCEMEMBERPATIENTID,PERSONID,MEMBERTYPECODE,EFFECTIVESTARTDT,EFFECTIVEENDDT,RECORDINSERTDT,RECORDUPDTDT,INSERTEDBY,UPDTDBY,PRIMARYMEMBERPLANID,ELIGIBILITYTIER,EXCLUSIONCODE,VIPFLG,CONTACTPREFERENCECD,PREGOLIVETERMFLG,DUALENROLLMENTFLG,INSURANCEDUALCOVERAGEFLG) 
values (2042222,'CAREENGINE',14010,'516190591F8208AMANDA',640833162,'E',to_date('01-JAN-19','DD-MON-YY'),null,CURRENT_TIMESTAMP,CURRENT_TIMESTAMP,'ETL_USER','ETL_USER',1908000122,null,null,'N',null,null,null,null);
Insert into ODS.MEMBERMEMBERRELATION (MEMBERMEMBERSKEY,MEMBERID,DEPENDENTMEMBERID,DEPENDENTTYPE,EFFECTIVESTARTDT,EFFECTIVEENDDT,RECORDINSERTDT,RECORDUPDTDT,INSERTEDBY,UPDTDBY,DEPENDENTSUBTYPECD) 
values (11000097091122,2042222,2042222,'E',null,null,CURRENT_TIMESTAMP,CURRENT_TIMESTAMP,'ETL_USER','ETL_USER','E');

-- Inserting a new member for the supplier with an id of 14010 for the PREV_SCREENING activities for 11507
--********NEGATIVE SCENARIO**************AGE IS YOUNGER THAN 40--> MEMBERID=2042223, PRIMARYMEMBERPLANID=1908000123
Insert into ODS.PERSON (PERSONID,FIRSTNM,MIDDLEINITIAL,LASTNM,SALUTATION,SUFFIX,FULLNM,GENDER,SSN,DTOFBIRTH,ETHNICRACE,MARITALSTATUSMNEMONIC,EFFECTIVESTARTDT,EFFECTIVEENDDT,RECORDINSERTDT,RECORDUPDTDT,INSERTEDBY,UPDTDBY,LAST4SSN,EXCLUSIONCODE,MAIDENNM,TITLE,PERSONTYPE,SOURCEPERSONIDEXT,SOURCEPERSONIDOID) 
values (640833163,'ALEXA',null,'ECEREN',null,null,'ALEXA ECEREN','F',null,to_date('20-AUG-95','DD-MON-RR'),null,null,null,null,CURRENT_TIMESTAMP,CURRENT_TIMESTAMP,'ETL_USER','ETL_USER',null,null,null,null,'M',null,null);
Insert into ODS.MEMBER (MEMBERID,DATASOURCENM,AHMSUPPLIERID,SOURCEMEMBERPATIENTID,PERSONID,MEMBERTYPECODE,EFFECTIVESTARTDT,EFFECTIVEENDDT,RECORDINSERTDT,RECORDUPDTDT,INSERTEDBY,UPDTDBY,PRIMARYMEMBERPLANID,ELIGIBILITYTIER,EXCLUSIONCODE,VIPFLG,CONTACTPREFERENCECD,PREGOLIVETERMFLG,DUALENROLLMENTFLG,INSURANCEDUALCOVERAGEFLG) 
values (2042223,'CAREENGINE',14010,'516190591F8208AMANDA',640833163,'E',to_date('01-JAN-19','DD-MON-YY'),null,CURRENT_TIMESTAMP,CURRENT_TIMESTAMP,'ETL_USER','ETL_USER',1908000123,null,null,'N',null,null,null,null);
Insert into ODS.MEMBERMEMBERRELATION (MEMBERMEMBERSKEY,MEMBERID,DEPENDENTMEMBERID,DEPENDENTTYPE,EFFECTIVESTARTDT,EFFECTIVEENDDT,RECORDINSERTDT,RECORDUPDTDT,INSERTEDBY,UPDTDBY,DEPENDENTSUBTYPECD) 
values (11000097091123,2042223,2042223,'E',null,null,CURRENT_TIMESTAMP,CURRENT_TIMESTAMP,'ETL_USER','ETL_USER','E');


--------------------------
--PS_ColonCancer----------
--------------------------
--for 11508,'PS_ColonCancer'
Insert into ODS.PERSON (PERSONID,FIRSTNM,MIDDLEINITIAL,LASTNM,SALUTATION,SUFFIX,FULLNM,GENDER,SSN,DTOFBIRTH,ETHNICRACE,MARITALSTATUSMNEMONIC,EFFECTIVESTARTDT,EFFECTIVEENDDT,RECORDINSERTDT,RECORDUPDTDT,INSERTEDBY,UPDTDBY,LAST4SSN,EXCLUSIONCODE,MAIDENNM,TITLE,PERSONTYPE,SOURCEPERSONIDEXT,SOURCEPERSONIDOID) 
values (640833139,'ALEXA',null,'ECEREN',null,null,'ALEXA ECEREN','F',null,to_date('20-AUG-60','DD-MON-RR'),null,null,null,null,CURRENT_TIMESTAMP,CURRENT_TIMESTAMP,'ETL_USER','ETL_USER',null,null,null,null,'M',null,null);
Insert into ODS.MEMBER (MEMBERID,DATASOURCENM,AHMSUPPLIERID,SOURCEMEMBERPATIENTID,PERSONID,MEMBERTYPECODE,EFFECTIVESTARTDT,EFFECTIVEENDDT,RECORDINSERTDT,RECORDUPDTDT,INSERTEDBY,UPDTDBY,PRIMARYMEMBERPLANID,ELIGIBILITYTIER,EXCLUSIONCODE,VIPFLG,CONTACTPREFERENCECD,PREGOLIVETERMFLG,DUALENROLLMENTFLG,INSURANCEDUALCOVERAGEFLG) 
values (2042208,'CAREENGINE',14010,'516190591F8208AMANDA',640833139,'E',to_date('01-JAN-19','DD-MON-YY'),null,CURRENT_TIMESTAMP,CURRENT_TIMESTAMP,'ETL_USER','ETL_USER',1908000107,null,null,'N',null,null,null,null);
Insert into ODS.MEMBERMEMBERRELATION (MEMBERMEMBERSKEY,MEMBERID,DEPENDENTMEMBERID,DEPENDENTTYPE,EFFECTIVESTARTDT,EFFECTIVEENDDT,RECORDINSERTDT,RECORDUPDTDT,INSERTEDBY,UPDTDBY,DEPENDENTSUBTYPECD) 
values (11000097091108,2042208,2042208,'E',null,null,CURRENT_TIMESTAMP,CURRENT_TIMESTAMP,'ETL_USER','ETL_USER','E');


-- Inserting a new member for the supplier with an id of 14010 for the PREV_SCREENING activities for 11508
--********NEGATIVE SCENARIO**************DIFFERENT ELEMENTID--> MEMBERID=2042224, PRIMARYMEMBERPLANID=1908000124
Insert into ODS.PERSON (PERSONID,FIRSTNM,MIDDLEINITIAL,LASTNM,SALUTATION,SUFFIX,FULLNM,GENDER,SSN,DTOFBIRTH,ETHNICRACE,MARITALSTATUSMNEMONIC,EFFECTIVESTARTDT,EFFECTIVEENDDT,RECORDINSERTDT,RECORDUPDTDT,INSERTEDBY,UPDTDBY,LAST4SSN,EXCLUSIONCODE,MAIDENNM,TITLE,PERSONTYPE,SOURCEPERSONIDEXT,SOURCEPERSONIDOID) 
values (640833164,'ALEXA',null,'ECEREN',null,null,'ALEXA ECEREN','M',null,to_date('20-AUG-60','DD-MON-RR'),null,null,null,null,CURRENT_TIMESTAMP,CURRENT_TIMESTAMP,'ETL_USER','ETL_USER',null,null,null,null,'M',null,null);
Insert into ODS.MEMBER (MEMBERID,DATASOURCENM,AHMSUPPLIERID,SOURCEMEMBERPATIENTID,PERSONID,MEMBERTYPECODE,EFFECTIVESTARTDT,EFFECTIVEENDDT,RECORDINSERTDT,RECORDUPDTDT,INSERTEDBY,UPDTDBY,PRIMARYMEMBERPLANID,ELIGIBILITYTIER,EXCLUSIONCODE,VIPFLG,CONTACTPREFERENCECD,PREGOLIVETERMFLG,DUALENROLLMENTFLG,INSURANCEDUALCOVERAGEFLG) 
values (2042224,'CAREENGINE',14010,'516190591F8208AMANDA',640833164,'E',to_date('01-JAN-19','DD-MON-YY'),null,CURRENT_TIMESTAMP,CURRENT_TIMESTAMP,'ETL_USER','ETL_USER',1908000124,null,null,'N',null,null,null,null);
Insert into ODS.MEMBERMEMBERRELATION (MEMBERMEMBERSKEY,MEMBERID,DEPENDENTMEMBERID,DEPENDENTTYPE,EFFECTIVESTARTDT,EFFECTIVEENDDT,RECORDINSERTDT,RECORDUPDTDT,INSERTEDBY,UPDTDBY,DEPENDENTSUBTYPECD) 
values (11000097091124,2042224,2042224,'E',null,null,CURRENT_TIMESTAMP,CURRENT_TIMESTAMP,'ETL_USER','ETL_USER','E');

-- Inserting a new member for the supplier with an id of 14010 for the PREV_SCREENING activities for 11508
--********NEGATIVE SCENARIO**************AGE IS YOUNGER THAN 50--> MEMBERID=2042225, PRIMARYMEMBERPLANID=1908000125
Insert into ODS.PERSON (PERSONID,FIRSTNM,MIDDLEINITIAL,LASTNM,SALUTATION,SUFFIX,FULLNM,GENDER,SSN,DTOFBIRTH,ETHNICRACE,MARITALSTATUSMNEMONIC,EFFECTIVESTARTDT,EFFECTIVEENDDT,RECORDINSERTDT,RECORDUPDTDT,INSERTEDBY,UPDTDBY,LAST4SSN,EXCLUSIONCODE,MAIDENNM,TITLE,PERSONTYPE,SOURCEPERSONIDEXT,SOURCEPERSONIDOID) 
values (640833165,'ALEXA',null,'ECEREN',null,null,'ALEXA ECEREN','F',null,to_date('20-AUG-90','DD-MON-RR'),null,null,null,null,CURRENT_TIMESTAMP,CURRENT_TIMESTAMP,'ETL_USER','ETL_USER',null,null,null,null,'M',null,null);
Insert into ODS.MEMBER (MEMBERID,DATASOURCENM,AHMSUPPLIERID,SOURCEMEMBERPATIENTID,PERSONID,MEMBERTYPECODE,EFFECTIVESTARTDT,EFFECTIVEENDDT,RECORDINSERTDT,RECORDUPDTDT,INSERTEDBY,UPDTDBY,PRIMARYMEMBERPLANID,ELIGIBILITYTIER,EXCLUSIONCODE,VIPFLG,CONTACTPREFERENCECD,PREGOLIVETERMFLG,DUALENROLLMENTFLG,INSURANCEDUALCOVERAGEFLG) 
values (2042225,'CAREENGINE',14010,'516190591F8208AMANDA',640833165,'E',to_date('01-JAN-19','DD-MON-YY'),null,CURRENT_TIMESTAMP,CURRENT_TIMESTAMP,'ETL_USER','ETL_USER',1908000125,null,null,'N',null,null,null,null);
Insert into ODS.MEMBERMEMBERRELATION (MEMBERMEMBERSKEY,MEMBERID,DEPENDENTMEMBERID,DEPENDENTTYPE,EFFECTIVESTARTDT,EFFECTIVEENDDT,RECORDINSERTDT,RECORDUPDTDT,INSERTEDBY,UPDTDBY,DEPENDENTSUBTYPECD) 
values (11000097091125,2042225,2042225,'E',null,null,CURRENT_TIMESTAMP,CURRENT_TIMESTAMP,'ETL_USER','ETL_USER','E');


--------------------------
--PS_CervicalCancer-------
--------------------------
--for 11509,'PS_CervicalCancer'
Insert into ODS.PERSON (PERSONID,FIRSTNM,MIDDLEINITIAL,LASTNM,SALUTATION,SUFFIX,FULLNM,GENDER,SSN,DTOFBIRTH,ETHNICRACE,MARITALSTATUSMNEMONIC,EFFECTIVESTARTDT,EFFECTIVEENDDT,RECORDINSERTDT,RECORDUPDTDT,INSERTEDBY,UPDTDBY,LAST4SSN,EXCLUSIONCODE,MAIDENNM,TITLE,PERSONTYPE,SOURCEPERSONIDEXT,SOURCEPERSONIDOID) 
values (640833140,'ALEXA',null,'ECEREN',null,null,'ALEXA ECEREN','F',null,to_date('20-AUG-82','DD-MON-RR'),null,null,null,null,CURRENT_TIMESTAMP,CURRENT_TIMESTAMP,'ETL_USER','ETL_USER',null,null,null,null,'M',null,null);
Insert into ODS.MEMBER (MEMBERID,DATASOURCENM,AHMSUPPLIERID,SOURCEMEMBERPATIENTID,PERSONID,MEMBERTYPECODE,EFFECTIVESTARTDT,EFFECTIVEENDDT,RECORDINSERTDT,RECORDUPDTDT,INSERTEDBY,UPDTDBY,PRIMARYMEMBERPLANID,ELIGIBILITYTIER,EXCLUSIONCODE,VIPFLG,CONTACTPREFERENCECD,PREGOLIVETERMFLG,DUALENROLLMENTFLG,INSURANCEDUALCOVERAGEFLG) 
values (2042209,'CAREENGINE',14010,'516190591F8208AMANDA',640833140,'E',to_date('01-JAN-19','DD-MON-YY'),null,CURRENT_TIMESTAMP,CURRENT_TIMESTAMP,'ETL_USER','ETL_USER',1908000108,null,null,'N',null,null,null,null);
Insert into ODS.MEMBERMEMBERRELATION (MEMBERMEMBERSKEY,MEMBERID,DEPENDENTMEMBERID,DEPENDENTTYPE,EFFECTIVESTARTDT,EFFECTIVEENDDT,RECORDINSERTDT,RECORDUPDTDT,INSERTEDBY,UPDTDBY,DEPENDENTSUBTYPECD) 
values (11000097091109,2042209,2042209,'E',null,null,CURRENT_TIMESTAMP,CURRENT_TIMESTAMP,'ETL_USER','ETL_USER','E');


-- Inserting a new member for the supplier with an id of 14010 for the PREV_SCREENING activities for 11509
--********NEGATIVE SCENARIO**************GENDER == MALE--> MEMBERID=2042226, PRIMARYMEMBERPLANID=1908000126
Insert into ODS.PERSON (PERSONID,FIRSTNM,MIDDLEINITIAL,LASTNM,SALUTATION,SUFFIX,FULLNM,GENDER,SSN,DTOFBIRTH,ETHNICRACE,MARITALSTATUSMNEMONIC,EFFECTIVESTARTDT,EFFECTIVEENDDT,RECORDINSERTDT,RECORDUPDTDT,INSERTEDBY,UPDTDBY,LAST4SSN,EXCLUSIONCODE,MAIDENNM,TITLE,PERSONTYPE,SOURCEPERSONIDEXT,SOURCEPERSONIDOID) 
values (640833166,'ALEXA',null,'ECEREN',null,null,'ALEXA ECEREN','M',null,to_date('20-AUG-82','DD-MON-RR'),null,null,null,null,CURRENT_TIMESTAMP,CURRENT_TIMESTAMP,'ETL_USER','ETL_USER',null,null,null,null,'M',null,null);
Insert into ODS.MEMBER (MEMBERID,DATASOURCENM,AHMSUPPLIERID,SOURCEMEMBERPATIENTID,PERSONID,MEMBERTYPECODE,EFFECTIVESTARTDT,EFFECTIVEENDDT,RECORDINSERTDT,RECORDUPDTDT,INSERTEDBY,UPDTDBY,PRIMARYMEMBERPLANID,ELIGIBILITYTIER,EXCLUSIONCODE,VIPFLG,CONTACTPREFERENCECD,PREGOLIVETERMFLG,DUALENROLLMENTFLG,INSURANCEDUALCOVERAGEFLG) 
values (2042226,'CAREENGINE',14010,'516190591F8208AMANDA',640833166,'E',to_date('01-JAN-19','DD-MON-YY'),null,CURRENT_TIMESTAMP,CURRENT_TIMESTAMP,'ETL_USER','ETL_USER',1908000126,null,null,'N',null,null,null,null);
Insert into ODS.MEMBERMEMBERRELATION (MEMBERMEMBERSKEY,MEMBERID,DEPENDENTMEMBERID,DEPENDENTTYPE,EFFECTIVESTARTDT,EFFECTIVEENDDT,RECORDINSERTDT,RECORDUPDTDT,INSERTEDBY,UPDTDBY,DEPENDENTSUBTYPECD) 
values (11000097091126,2042226,2042226,'E',null,null,CURRENT_TIMESTAMP,CURRENT_TIMESTAMP,'ETL_USER','ETL_USER','E');

-- Inserting a new member for the supplier with an id of 14010 for the PREV_SCREENING activities for 11509
--********NEGATIVE SCENARIO**************AGE IS OLDER THAN 65--> MEMBERID=2042227, PRIMARYMEMBERPLANID=1908000127
Insert into ODS.PERSON (PERSONID,FIRSTNM,MIDDLEINITIAL,LASTNM,SALUTATION,SUFFIX,FULLNM,GENDER,SSN,DTOFBIRTH,ETHNICRACE,MARITALSTATUSMNEMONIC,EFFECTIVESTARTDT,EFFECTIVEENDDT,RECORDINSERTDT,RECORDUPDTDT,INSERTEDBY,UPDTDBY,LAST4SSN,EXCLUSIONCODE,MAIDENNM,TITLE,PERSONTYPE,SOURCEPERSONIDEXT,SOURCEPERSONIDOID) 
values (640833167,'ALEXA',null,'ECEREN',null,null,'ALEXA ECEREN','F',null,to_date('20-AUG-50','DD-MON-RR'),null,null,null,null,CURRENT_TIMESTAMP,CURRENT_TIMESTAMP,'ETL_USER','ETL_USER',null,null,null,null,'M',null,null);
Insert into ODS.MEMBER (MEMBERID,DATASOURCENM,AHMSUPPLIERID,SOURCEMEMBERPATIENTID,PERSONID,MEMBERTYPECODE,EFFECTIVESTARTDT,EFFECTIVEENDDT,RECORDINSERTDT,RECORDUPDTDT,INSERTEDBY,UPDTDBY,PRIMARYMEMBERPLANID,ELIGIBILITYTIER,EXCLUSIONCODE,VIPFLG,CONTACTPREFERENCECD,PREGOLIVETERMFLG,DUALENROLLMENTFLG,INSURANCEDUALCOVERAGEFLG) 
values (2042227,'CAREENGINE',14010,'516190591F8208AMANDA',640833167,'E',to_date('01-JAN-19','DD-MON-YY'),null,CURRENT_TIMESTAMP,CURRENT_TIMESTAMP,'ETL_USER','ETL_USER',1908000127,null,null,'N',null,null,null,null);
Insert into ODS.MEMBERMEMBERRELATION (MEMBERMEMBERSKEY,MEMBERID,DEPENDENTMEMBERID,DEPENDENTTYPE,EFFECTIVESTARTDT,EFFECTIVEENDDT,RECORDINSERTDT,RECORDUPDTDT,INSERTEDBY,UPDTDBY,DEPENDENTSUBTYPECD) 
values (11000097091127,2042227,2042227,'E',null,null,CURRENT_TIMESTAMP,CURRENT_TIMESTAMP,'ETL_USER','ETL_USER','E');


--------------------------
--PS_ProstateCancer-------
--------------------------
--for 11510,'PS_ProstateCancer'
Insert into ODS.PERSON (PERSONID,FIRSTNM,MIDDLEINITIAL,LASTNM,SALUTATION,SUFFIX,FULLNM,GENDER,SSN,DTOFBIRTH,ETHNICRACE,MARITALSTATUSMNEMONIC,EFFECTIVESTARTDT,EFFECTIVEENDDT,RECORDINSERTDT,RECORDUPDTDT,INSERTEDBY,UPDTDBY,LAST4SSN,EXCLUSIONCODE,MAIDENNM,TITLE,PERSONTYPE,SOURCEPERSONIDEXT,SOURCEPERSONIDOID) 
values (640833141,'ALEXA',null,'ECEREN',null,null,'ALEXA ECEREN','M',null,to_date('20-AUG-60','DD-MON-RR'),null,null,null,null,CURRENT_TIMESTAMP,CURRENT_TIMESTAMP,'ETL_USER','ETL_USER',null,null,null,null,'M',null,null);
Insert into ODS.MEMBER (MEMBERID,DATASOURCENM,AHMSUPPLIERID,SOURCEMEMBERPATIENTID,PERSONID,MEMBERTYPECODE,EFFECTIVESTARTDT,EFFECTIVEENDDT,RECORDINSERTDT,RECORDUPDTDT,INSERTEDBY,UPDTDBY,PRIMARYMEMBERPLANID,ELIGIBILITYTIER,EXCLUSIONCODE,VIPFLG,CONTACTPREFERENCECD,PREGOLIVETERMFLG,DUALENROLLMENTFLG,INSURANCEDUALCOVERAGEFLG) 
values (2042210,'CAREENGINE',14010,'516190591F8208AMANDA',640833141,'E',to_date('01-JAN-19','DD-MON-YY'),null,CURRENT_TIMESTAMP,CURRENT_TIMESTAMP,'ETL_USER','ETL_USER',1908000109,null,null,'N',null,null,null,null);
Insert into ODS.MEMBERMEMBERRELATION (MEMBERMEMBERSKEY,MEMBERID,DEPENDENTMEMBERID,DEPENDENTTYPE,EFFECTIVESTARTDT,EFFECTIVEENDDT,RECORDINSERTDT,RECORDUPDTDT,INSERTEDBY,UPDTDBY,DEPENDENTSUBTYPECD) 
values (11000097091110,2042210,2042210,'E',null,null,CURRENT_TIMESTAMP,CURRENT_TIMESTAMP,'ETL_USER','ETL_USER','E');


-- Inserting a new member for the supplier with an id of 14010 for the PREV_SCREENING activities for 11510
--********NEGATIVE SCENARIO**************GENDER == FEMALE--> MEMBERID=2042228, PRIMARYMEMBERPLANID=1908000128
Insert into ODS.PERSON (PERSONID,FIRSTNM,MIDDLEINITIAL,LASTNM,SALUTATION,SUFFIX,FULLNM,GENDER,SSN,DTOFBIRTH,ETHNICRACE,MARITALSTATUSMNEMONIC,EFFECTIVESTARTDT,EFFECTIVEENDDT,RECORDINSERTDT,RECORDUPDTDT,INSERTEDBY,UPDTDBY,LAST4SSN,EXCLUSIONCODE,MAIDENNM,TITLE,PERSONTYPE,SOURCEPERSONIDEXT,SOURCEPERSONIDOID) 
values (640833168,'ALEXA',null,'ECEREN',null,null,'ALEXA ECEREN','F',null,to_date('20-AUG-60','DD-MON-RR'),null,null,null,null,CURRENT_TIMESTAMP,CURRENT_TIMESTAMP,'ETL_USER','ETL_USER',null,null,null,null,'M',null,null);
Insert into ODS.MEMBER (MEMBERID,DATASOURCENM,AHMSUPPLIERID,SOURCEMEMBERPATIENTID,PERSONID,MEMBERTYPECODE,EFFECTIVESTARTDT,EFFECTIVEENDDT,RECORDINSERTDT,RECORDUPDTDT,INSERTEDBY,UPDTDBY,PRIMARYMEMBERPLANID,ELIGIBILITYTIER,EXCLUSIONCODE,VIPFLG,CONTACTPREFERENCECD,PREGOLIVETERMFLG,DUALENROLLMENTFLG,INSURANCEDUALCOVERAGEFLG) 
values (2042228,'CAREENGINE',14010,'516190591F8208AMANDA',640833168,'E',to_date('01-JAN-19','DD-MON-YY'),null,CURRENT_TIMESTAMP,CURRENT_TIMESTAMP,'ETL_USER','ETL_USER',1908000128,null,null,'N',null,null,null,null);
Insert into ODS.MEMBERMEMBERRELATION (MEMBERMEMBERSKEY,MEMBERID,DEPENDENTMEMBERID,DEPENDENTTYPE,EFFECTIVESTARTDT,EFFECTIVEENDDT,RECORDINSERTDT,RECORDUPDTDT,INSERTEDBY,UPDTDBY,DEPENDENTSUBTYPECD) 
values (11000097091128,2042228,2042228,'E',null,null,CURRENT_TIMESTAMP,CURRENT_TIMESTAMP,'ETL_USER','ETL_USER','E');

-- Inserting a new member for the supplier with an id of 14010 for the PREV_SCREENING activities for 11510
--********NEGATIVE SCENARIO**************AGE IS YOUNGER THAN 55--> MEMBERID=2042229, PRIMARYMEMBERPLANID=1908000129
Insert into ODS.PERSON (PERSONID,FIRSTNM,MIDDLEINITIAL,LASTNM,SALUTATION,SUFFIX,FULLNM,GENDER,SSN,DTOFBIRTH,ETHNICRACE,MARITALSTATUSMNEMONIC,EFFECTIVESTARTDT,EFFECTIVEENDDT,RECORDINSERTDT,RECORDUPDTDT,INSERTEDBY,UPDTDBY,LAST4SSN,EXCLUSIONCODE,MAIDENNM,TITLE,PERSONTYPE,SOURCEPERSONIDEXT,SOURCEPERSONIDOID) 
values (640833169,'ALEXA',null,'ECEREN',null,null,'ALEXA ECEREN','F',null,to_date('20-AUG-95','DD-MON-RR'),null,null,null,null,CURRENT_TIMESTAMP,CURRENT_TIMESTAMP,'ETL_USER','ETL_USER',null,null,null,null,'M',null,null);
Insert into ODS.MEMBER (MEMBERID,DATASOURCENM,AHMSUPPLIERID,SOURCEMEMBERPATIENTID,PERSONID,MEMBERTYPECODE,EFFECTIVESTARTDT,EFFECTIVEENDDT,RECORDINSERTDT,RECORDUPDTDT,INSERTEDBY,UPDTDBY,PRIMARYMEMBERPLANID,ELIGIBILITYTIER,EXCLUSIONCODE,VIPFLG,CONTACTPREFERENCECD,PREGOLIVETERMFLG,DUALENROLLMENTFLG,INSURANCEDUALCOVERAGEFLG) 
values (2042229,'CAREENGINE',14010,'516190591F8208AMANDA',640833169,'E',to_date('01-JAN-19','DD-MON-YY'),null,CURRENT_TIMESTAMP,CURRENT_TIMESTAMP,'ETL_USER','ETL_USER',1908000129,null,null,'N',null,null,null,null);
Insert into ODS.MEMBERMEMBERRELATION (MEMBERMEMBERSKEY,MEMBERID,DEPENDENTMEMBERID,DEPENDENTTYPE,EFFECTIVESTARTDT,EFFECTIVEENDDT,RECORDINSERTDT,RECORDUPDTDT,INSERTEDBY,UPDTDBY,DEPENDENTSUBTYPECD) 
values (11000097091129,2042229,2042229,'E',null,null,CURRENT_TIMESTAMP,CURRENT_TIMESTAMP,'ETL_USER','ETL_USER','E');


--------------------------
--ACTTYPE_LC_TELP-------
--------------------------
-- Inserting a new member for the supplier with an id of 14010 for the ACTTYPE_LC_TELP activities for 11511
--********POSITIVE SCENARIO************** MEMBERID=2042230, PRIMARYMEMBERPLANID=1908000130
Insert into ODS.PERSON (PERSONID,FIRSTNM,MIDDLEINITIAL,LASTNM,SALUTATION,SUFFIX,FULLNM,GENDER,SSN,DTOFBIRTH,ETHNICRACE,MARITALSTATUSMNEMONIC,EFFECTIVESTARTDT,EFFECTIVEENDDT,RECORDINSERTDT,RECORDUPDTDT,INSERTEDBY,UPDTDBY,LAST4SSN,EXCLUSIONCODE,MAIDENNM,TITLE,PERSONTYPE,SOURCEPERSONIDEXT,SOURCEPERSONIDOID) 
values (640833170,'ALEXA',null,'ECEREN',null,null,'ALEXA ECEREN','M',null,to_date('20-AUG-60','DD-MON-RR'),null,null,null,null,CURRENT_TIMESTAMP,CURRENT_TIMESTAMP,'ETL_USER','ETL_USER',null,null,null,null,'M',null,null);
Insert into ODS.MEMBER (MEMBERID,DATASOURCENM,AHMSUPPLIERID,SOURCEMEMBERPATIENTID,PERSONID,MEMBERTYPECODE,EFFECTIVESTARTDT,EFFECTIVEENDDT,RECORDINSERTDT,RECORDUPDTDT,INSERTEDBY,UPDTDBY,PRIMARYMEMBERPLANID,ELIGIBILITYTIER,EXCLUSIONCODE,VIPFLG,CONTACTPREFERENCECD,PREGOLIVETERMFLG,DUALENROLLMENTFLG,INSURANCEDUALCOVERAGEFLG) 
values (2042230,'CAREENGINE',14010,'516190591F8208AMANDA',640833170,'E',to_date('01-JAN-19','DD-MON-YY'),null,CURRENT_TIMESTAMP,CURRENT_TIMESTAMP,'ETL_USER','ETL_USER',1908000130,null,null,'N',null,null,null,null);
Insert into ODS.MEMBERMEMBERRELATION (MEMBERMEMBERSKEY,MEMBERID,DEPENDENTMEMBERID,DEPENDENTTYPE,EFFECTIVESTARTDT,EFFECTIVEENDDT,RECORDINSERTDT,RECORDUPDTDT,INSERTEDBY,UPDTDBY,DEPENDENTSUBTYPECD) 
values (11000097091130,2042230,2042230,'E',null,null,CURRENT_TIMESTAMP,CURRENT_TIMESTAMP,'ETL_USER','ETL_USER','E');


-- Inserting a new member for the supplier with an id of 14010 for the ACTTYPE_LC_TELP activities for 11511
--********NEGATIVE SCENARIO**************DIFFERENT Q&A--> MEMBERID=2042231, PRIMARYMEMBERPLANID=1908000131
Insert into ODS.PERSON (PERSONID,FIRSTNM,MIDDLEINITIAL,LASTNM,SALUTATION,SUFFIX,FULLNM,GENDER,SSN,DTOFBIRTH,ETHNICRACE,MARITALSTATUSMNEMONIC,EFFECTIVESTARTDT,EFFECTIVEENDDT,RECORDINSERTDT,RECORDUPDTDT,INSERTEDBY,UPDTDBY,LAST4SSN,EXCLUSIONCODE,MAIDENNM,TITLE,PERSONTYPE,SOURCEPERSONIDEXT,SOURCEPERSONIDOID) 
values (640833171,'ALEXA',null,'ECEREN',null,null,'ALEXA ECEREN','M',null,to_date('20-AUG-60','DD-MON-RR'),null,null,null,null,CURRENT_TIMESTAMP,CURRENT_TIMESTAMP,'ETL_USER','ETL_USER',null,null,null,null,'M',null,null);
Insert into ODS.MEMBER (MEMBERID,DATASOURCENM,AHMSUPPLIERID,SOURCEMEMBERPATIENTID,PERSONID,MEMBERTYPECODE,EFFECTIVESTARTDT,EFFECTIVEENDDT,RECORDINSERTDT,RECORDUPDTDT,INSERTEDBY,UPDTDBY,PRIMARYMEMBERPLANID,ELIGIBILITYTIER,EXCLUSIONCODE,VIPFLG,CONTACTPREFERENCECD,PREGOLIVETERMFLG,DUALENROLLMENTFLG,INSURANCEDUALCOVERAGEFLG) 
values (2042231,'CAREENGINE',14010,'516190591F8208AMANDA',640833171,'E',to_date('01-JAN-19','DD-MON-YY'),null,CURRENT_TIMESTAMP,CURRENT_TIMESTAMP,'ETL_USER','ETL_USER',1908000131,null,null,'N',null,null,null,null);
Insert into ODS.MEMBERMEMBERRELATION (MEMBERMEMBERSKEY,MEMBERID,DEPENDENTMEMBERID,DEPENDENTTYPE,EFFECTIVESTARTDT,EFFECTIVEENDDT,RECORDINSERTDT,RECORDUPDTDT,INSERTEDBY,UPDTDBY,DEPENDENTSUBTYPECD) 
values (11000097091131,2042231,2042231,'E',null,null,CURRENT_TIMESTAMP,CURRENT_TIMESTAMP,'ETL_USER','ETL_USER','E');

-- Inserting a new member for the supplier with an id of 14010 for the ACTTYPE_LC_TELP activities for 11511
--********NEGATIVE SCENARIO**************EARLY--> MEMBERID=2042232, PRIMARYMEMBERPLANID=1908000132
Insert into ODS.PERSON (PERSONID,FIRSTNM,MIDDLEINITIAL,LASTNM,SALUTATION,SUFFIX,FULLNM,GENDER,SSN,DTOFBIRTH,ETHNICRACE,MARITALSTATUSMNEMONIC,EFFECTIVESTARTDT,EFFECTIVEENDDT,RECORDINSERTDT,RECORDUPDTDT,INSERTEDBY,UPDTDBY,LAST4SSN,EXCLUSIONCODE,MAIDENNM,TITLE,PERSONTYPE,SOURCEPERSONIDEXT,SOURCEPERSONIDOID) 
values (640833172,'ALEXA',null,'ECEREN',null,null,'ALEXA ECEREN','M',null,to_date('20-AUG-60','DD-MON-RR'),null,null,null,null,CURRENT_TIMESTAMP,CURRENT_TIMESTAMP,'ETL_USER','ETL_USER',null,null,null,null,'M',null,null);
Insert into ODS.MEMBER (MEMBERID,DATASOURCENM,AHMSUPPLIERID,SOURCEMEMBERPATIENTID,PERSONID,MEMBERTYPECODE,EFFECTIVESTARTDT,EFFECTIVEENDDT,RECORDINSERTDT,RECORDUPDTDT,INSERTEDBY,UPDTDBY,PRIMARYMEMBERPLANID,ELIGIBILITYTIER,EXCLUSIONCODE,VIPFLG,CONTACTPREFERENCECD,PREGOLIVETERMFLG,DUALENROLLMENTFLG,INSURANCEDUALCOVERAGEFLG) 
values (2042232,'CAREENGINE',14010,'516190591F8208AMANDA',640833172,'E',to_date('01-JAN-19','DD-MON-YY'),null,CURRENT_TIMESTAMP,CURRENT_TIMESTAMP,'ETL_USER','ETL_USER',1908000132,null,null,'N',null,null,null,null);
Insert into ODS.MEMBERMEMBERRELATION (MEMBERMEMBERSKEY,MEMBERID,DEPENDENTMEMBERID,DEPENDENTTYPE,EFFECTIVESTARTDT,EFFECTIVEENDDT,RECORDINSERTDT,RECORDUPDTDT,INSERTEDBY,UPDTDBY,DEPENDENTSUBTYPECD) 
values (11000097091132,2042232,2042232,'E',null,null,CURRENT_TIMESTAMP,CURRENT_TIMESTAMP,'ETL_USER','ETL_USER','E');


----------------------------
--ACTTYPE_LCNOTC_TELP-------
----------------------------
-- Inserting a new member for the supplier with an id of 14010 for the ACTTYPE_LCNOTC_TELP activities for 11512
--********POSITIVE SCENARIO************** MEMBERID=2042233, PRIMARYMEMBERPLANID=1908000133
Insert into ODS.PERSON (PERSONID,FIRSTNM,MIDDLEINITIAL,LASTNM,SALUTATION,SUFFIX,FULLNM,GENDER,SSN,DTOFBIRTH,ETHNICRACE,MARITALSTATUSMNEMONIC,EFFECTIVESTARTDT,EFFECTIVEENDDT,RECORDINSERTDT,RECORDUPDTDT,INSERTEDBY,UPDTDBY,LAST4SSN,EXCLUSIONCODE,MAIDENNM,TITLE,PERSONTYPE,SOURCEPERSONIDEXT,SOURCEPERSONIDOID) 
values (640833173,'ALEXA',null,'ECEREN',null,null,'ALEXA ECEREN','M',null,to_date('20-AUG-60','DD-MON-RR'),null,null,null,null,CURRENT_TIMESTAMP,CURRENT_TIMESTAMP,'ETL_USER','ETL_USER',null,null,null,null,'M',null,null);
Insert into ODS.MEMBER (MEMBERID,DATASOURCENM,AHMSUPPLIERID,SOURCEMEMBERPATIENTID,PERSONID,MEMBERTYPECODE,EFFECTIVESTARTDT,EFFECTIVEENDDT,RECORDINSERTDT,RECORDUPDTDT,INSERTEDBY,UPDTDBY,PRIMARYMEMBERPLANID,ELIGIBILITYTIER,EXCLUSIONCODE,VIPFLG,CONTACTPREFERENCECD,PREGOLIVETERMFLG,DUALENROLLMENTFLG,INSURANCEDUALCOVERAGEFLG) 
values (2042233,'CAREENGINE',14010,'516190591F8208AMANDA',640833173,'E',to_date('01-JAN-19','DD-MON-YY'),null,CURRENT_TIMESTAMP,CURRENT_TIMESTAMP,'ETL_USER','ETL_USER',1908000133,null,null,'N',null,null,null,null);
Insert into ODS.MEMBERMEMBERRELATION (MEMBERMEMBERSKEY,MEMBERID,DEPENDENTMEMBERID,DEPENDENTTYPE,EFFECTIVESTARTDT,EFFECTIVEENDDT,RECORDINSERTDT,RECORDUPDTDT,INSERTEDBY,UPDTDBY,DEPENDENTSUBTYPECD) 
values (11000097091133,2042233,2042233,'E',null,null,CURRENT_TIMESTAMP,CURRENT_TIMESTAMP,'ETL_USER','ETL_USER','E');


-- Inserting a new member for the supplier with an id of 14010 for the ACTTYPE_LCNOTC_TELP activities for 11512
--********NEGATIVE SCENARIO**************DIFFERENT Q&A--> MEMBERID=2042234, PRIMARYMEMBERPLANID=1908000134
Insert into ODS.PERSON (PERSONID,FIRSTNM,MIDDLEINITIAL,LASTNM,SALUTATION,SUFFIX,FULLNM,GENDER,SSN,DTOFBIRTH,ETHNICRACE,MARITALSTATUSMNEMONIC,EFFECTIVESTARTDT,EFFECTIVEENDDT,RECORDINSERTDT,RECORDUPDTDT,INSERTEDBY,UPDTDBY,LAST4SSN,EXCLUSIONCODE,MAIDENNM,TITLE,PERSONTYPE,SOURCEPERSONIDEXT,SOURCEPERSONIDOID) 
values (640833174,'ALEXA',null,'ECEREN',null,null,'ALEXA ECEREN','M',null,to_date('20-AUG-60','DD-MON-RR'),null,null,null,null,CURRENT_TIMESTAMP,CURRENT_TIMESTAMP,'ETL_USER','ETL_USER',null,null,null,null,'M',null,null);
Insert into ODS.MEMBER (MEMBERID,DATASOURCENM,AHMSUPPLIERID,SOURCEMEMBERPATIENTID,PERSONID,MEMBERTYPECODE,EFFECTIVESTARTDT,EFFECTIVEENDDT,RECORDINSERTDT,RECORDUPDTDT,INSERTEDBY,UPDTDBY,PRIMARYMEMBERPLANID,ELIGIBILITYTIER,EXCLUSIONCODE,VIPFLG,CONTACTPREFERENCECD,PREGOLIVETERMFLG,DUALENROLLMENTFLG,INSURANCEDUALCOVERAGEFLG) 
values (2042234,'CAREENGINE',14010,'516190591F8208AMANDA',640833174,'E',to_date('01-JAN-19','DD-MON-YY'),null,CURRENT_TIMESTAMP,CURRENT_TIMESTAMP,'ETL_USER','ETL_USER',1908000134,null,null,'N',null,null,null,null);
Insert into ODS.MEMBERMEMBERRELATION (MEMBERMEMBERSKEY,MEMBERID,DEPENDENTMEMBERID,DEPENDENTTYPE,EFFECTIVESTARTDT,EFFECTIVEENDDT,RECORDINSERTDT,RECORDUPDTDT,INSERTEDBY,UPDTDBY,DEPENDENTSUBTYPECD) 
values (11000097091134,2042234,2042234,'E',null,null,CURRENT_TIMESTAMP,CURRENT_TIMESTAMP,'ETL_USER','ETL_USER','E');

-- Inserting a new member for the supplier with an id of 14010 for the ACTTYPE_LCNOTC_TELP activities for 11512
--********NEGATIVE SCENARIO**************EARLY--> MEMBERID=2042235, PRIMARYMEMBERPLANID=1908000135
Insert into ODS.PERSON (PERSONID,FIRSTNM,MIDDLEINITIAL,LASTNM,SALUTATION,SUFFIX,FULLNM,GENDER,SSN,DTOFBIRTH,ETHNICRACE,MARITALSTATUSMNEMONIC,EFFECTIVESTARTDT,EFFECTIVEENDDT,RECORDINSERTDT,RECORDUPDTDT,INSERTEDBY,UPDTDBY,LAST4SSN,EXCLUSIONCODE,MAIDENNM,TITLE,PERSONTYPE,SOURCEPERSONIDEXT,SOURCEPERSONIDOID) 
values (640833175,'ALEXA',null,'ECEREN',null,null,'ALEXA ECEREN','M',null,to_date('20-AUG-60','DD-MON-RR'),null,null,null,null,CURRENT_TIMESTAMP,CURRENT_TIMESTAMP,'ETL_USER','ETL_USER',null,null,null,null,'M',null,null);
Insert into ODS.MEMBER (MEMBERID,DATASOURCENM,AHMSUPPLIERID,SOURCEMEMBERPATIENTID,PERSONID,MEMBERTYPECODE,EFFECTIVESTARTDT,EFFECTIVEENDDT,RECORDINSERTDT,RECORDUPDTDT,INSERTEDBY,UPDTDBY,PRIMARYMEMBERPLANID,ELIGIBILITYTIER,EXCLUSIONCODE,VIPFLG,CONTACTPREFERENCECD,PREGOLIVETERMFLG,DUALENROLLMENTFLG,INSURANCEDUALCOVERAGEFLG) 
values (2042235,'CAREENGINE',14010,'516190591F8208AMANDA',640833175,'E',to_date('01-JAN-19','DD-MON-YY'),null,CURRENT_TIMESTAMP,CURRENT_TIMESTAMP,'ETL_USER','ETL_USER',1908000135,null,null,'N',null,null,null,null);
Insert into ODS.MEMBERMEMBERRELATION (MEMBERMEMBERSKEY,MEMBERID,DEPENDENTMEMBERID,DEPENDENTTYPE,EFFECTIVESTARTDT,EFFECTIVEENDDT,RECORDINSERTDT,RECORDUPDTDT,INSERTEDBY,UPDTDBY,DEPENDENTSUBTYPECD) 
values (11000097091135,2042235,2042235,'E',null,null,CURRENT_TIMESTAMP,CURRENT_TIMESTAMP,'ETL_USER','ETL_USER','E');

--------------------------
--ACTTYPE_LCTC_TELP-------
--------------------------
-- Inserting a new member for the supplier with an id of 14010 for the ACTTYPE_LCTC_TELP activities for 11513
--********POSITIVE SCENARIO************** MEMBERID=2042236,PRIMARYMEMBERPLANID=1908000136
Insert into ODS.PERSON (PERSONID,FIRSTNM,MIDDLEINITIAL,LASTNM,SALUTATION,SUFFIX,FULLNM,GENDER,SSN,DTOFBIRTH,ETHNICRACE,MARITALSTATUSMNEMONIC,EFFECTIVESTARTDT,EFFECTIVEENDDT,RECORDINSERTDT,RECORDUPDTDT,INSERTEDBY,UPDTDBY,LAST4SSN,EXCLUSIONCODE,MAIDENNM,TITLE,PERSONTYPE,SOURCEPERSONIDEXT,SOURCEPERSONIDOID) 
values (640833176,'ALEXA',null,'ECEREN',null,null,'ALEXA ECEREN','M',null,to_date('20-AUG-60','DD-MON-RR'),null,null,null,null,CURRENT_TIMESTAMP,CURRENT_TIMESTAMP,'ETL_USER','ETL_USER',null,null,null,null,'M',null,null);
Insert into ODS.MEMBER (MEMBERID,DATASOURCENM,AHMSUPPLIERID,SOURCEMEMBERPATIENTID,PERSONID,MEMBERTYPECODE,EFFECTIVESTARTDT,EFFECTIVEENDDT,RECORDINSERTDT,RECORDUPDTDT,INSERTEDBY,UPDTDBY,PRIMARYMEMBERPLANID,ELIGIBILITYTIER,EXCLUSIONCODE,VIPFLG,CONTACTPREFERENCECD,PREGOLIVETERMFLG,DUALENROLLMENTFLG,INSURANCEDUALCOVERAGEFLG) 
values (2042236,'CAREENGINE',14010,'516190591F8208AMANDA',640833176,'E',to_date('01-JAN-19','DD-MON-YY'),null,CURRENT_TIMESTAMP,CURRENT_TIMESTAMP,'ETL_USER','ETL_USER',1908000136,null,null,'N',null,null,null,null);
Insert into ODS.MEMBERMEMBERRELATION (MEMBERMEMBERSKEY,MEMBERID,DEPENDENTMEMBERID,DEPENDENTTYPE,EFFECTIVESTARTDT,EFFECTIVEENDDT,RECORDINSERTDT,RECORDUPDTDT,INSERTEDBY,UPDTDBY,DEPENDENTSUBTYPECD) 
values (11000097091136,2042236,2042236,'E',null,null,CURRENT_TIMESTAMP,CURRENT_TIMESTAMP,'ETL_USER','ETL_USER','E');


-- Inserting a new member for the supplier with an id of 14010 for the ACTTYPE_LCTC_TELP activities for 11513
--********NEGATIVE SCENARIO**************DIFFERENT Q&A--> MEMBERID=2042237, PRIMARYMEMBERPLANID=1908000137
Insert into ODS.PERSON (PERSONID,FIRSTNM,MIDDLEINITIAL,LASTNM,SALUTATION,SUFFIX,FULLNM,GENDER,SSN,DTOFBIRTH,ETHNICRACE,MARITALSTATUSMNEMONIC,EFFECTIVESTARTDT,EFFECTIVEENDDT,RECORDINSERTDT,RECORDUPDTDT,INSERTEDBY,UPDTDBY,LAST4SSN,EXCLUSIONCODE,MAIDENNM,TITLE,PERSONTYPE,SOURCEPERSONIDEXT,SOURCEPERSONIDOID) 
values (640833177,'ALEXA',null,'ECEREN',null,null,'ALEXA ECEREN','M',null,to_date('20-AUG-60','DD-MON-RR'),null,null,null,null,CURRENT_TIMESTAMP,CURRENT_TIMESTAMP,'ETL_USER','ETL_USER',null,null,null,null,'M',null,null);
Insert into ODS.MEMBER (MEMBERID,DATASOURCENM,AHMSUPPLIERID,SOURCEMEMBERPATIENTID,PERSONID,MEMBERTYPECODE,EFFECTIVESTARTDT,EFFECTIVEENDDT,RECORDINSERTDT,RECORDUPDTDT,INSERTEDBY,UPDTDBY,PRIMARYMEMBERPLANID,ELIGIBILITYTIER,EXCLUSIONCODE,VIPFLG,CONTACTPREFERENCECD,PREGOLIVETERMFLG,DUALENROLLMENTFLG,INSURANCEDUALCOVERAGEFLG) 
values (2042237,'CAREENGINE',14010,'516190591F8208AMANDA',640833177,'E',to_date('01-JAN-19','DD-MON-YY'),null,CURRENT_TIMESTAMP,CURRENT_TIMESTAMP,'ETL_USER','ETL_USER',1908000137,null,null,'N',null,null,null,null);
Insert into ODS.MEMBERMEMBERRELATION (MEMBERMEMBERSKEY,MEMBERID,DEPENDENTMEMBERID,DEPENDENTTYPE,EFFECTIVESTARTDT,EFFECTIVEENDDT,RECORDINSERTDT,RECORDUPDTDT,INSERTEDBY,UPDTDBY,DEPENDENTSUBTYPECD) 
values (11000097091137,2042237,2042237,'E',null,null,CURRENT_TIMESTAMP,CURRENT_TIMESTAMP,'ETL_USER','ETL_USER','E');

-- Inserting a new member for the supplier with an id of 14010 for the ACTTYPE_LCTC_TELP activities for 11513
--********NEGATIVE SCENARIO**************EARLY--> MEMBERID=2042238, PRIMARYMEMBERPLANID=1908000138
Insert into ODS.PERSON (PERSONID,FIRSTNM,MIDDLEINITIAL,LASTNM,SALUTATION,SUFFIX,FULLNM,GENDER,SSN,DTOFBIRTH,ETHNICRACE,MARITALSTATUSMNEMONIC,EFFECTIVESTARTDT,EFFECTIVEENDDT,RECORDINSERTDT,RECORDUPDTDT,INSERTEDBY,UPDTDBY,LAST4SSN,EXCLUSIONCODE,MAIDENNM,TITLE,PERSONTYPE,SOURCEPERSONIDEXT,SOURCEPERSONIDOID) 
values (640833178,'ALEXA',null,'ECEREN',null,null,'ALEXA ECEREN','M',null,to_date('20-AUG-60','DD-MON-RR'),null,null,null,null,CURRENT_TIMESTAMP,CURRENT_TIMESTAMP,'ETL_USER','ETL_USER',null,null,null,null,'M',null,null);
Insert into ODS.MEMBER (MEMBERID,DATASOURCENM,AHMSUPPLIERID,SOURCEMEMBERPATIENTID,PERSONID,MEMBERTYPECODE,EFFECTIVESTARTDT,EFFECTIVEENDDT,RECORDINSERTDT,RECORDUPDTDT,INSERTEDBY,UPDTDBY,PRIMARYMEMBERPLANID,ELIGIBILITYTIER,EXCLUSIONCODE,VIPFLG,CONTACTPREFERENCECD,PREGOLIVETERMFLG,DUALENROLLMENTFLG,INSURANCEDUALCOVERAGEFLG) 
values (2042238,'CAREENGINE',14010,'516190591F8208AMANDA',640833178,'E',to_date('01-JAN-19','DD-MON-YY'),null,CURRENT_TIMESTAMP,CURRENT_TIMESTAMP,'ETL_USER','ETL_USER',1908000138,null,null,'N',null,null,null,null);
Insert into ODS.MEMBERMEMBERRELATION (MEMBERMEMBERSKEY,MEMBERID,DEPENDENTMEMBERID,DEPENDENTTYPE,EFFECTIVESTARTDT,EFFECTIVEENDDT,RECORDINSERTDT,RECORDUPDTDT,INSERTEDBY,UPDTDBY,DEPENDENTSUBTYPECD) 
values (11000097091138,2042238,2042238,'E',null,null,CURRENT_TIMESTAMP,CURRENT_TIMESTAMP,'ETL_USER','ETL_USER','E');

-- commit;


-- EXIT;