-- noinspection SqlNoDataSourceInspectionForFile

-- SET ECHO ON

-- SET DEFINE OFF;
Insert into INCV.MASTERGROUP (MASTERGROUPCD,MASTERGROUPDESC,INSERTEDDT,INSERTEDBY,UPDATEDDT,UPDATEDBY,VOIDFLG) values ('DIMENSIONTYPE','Member Dimension Type',to_timestamp('20-JUL-17 08.40.29.000000000 AM','DD-MON-RR HH.MI.SSXFF AM'),'INCV',null,null,'IN');
Insert into INCV.MASTERGROUP (MASTERGROUPCD,MASTERGROUPDESC,INSERTEDDT,INSERTEDBY,UPDATEDDT,UPDATEDBY,VOIDFLG) values ('TIERINFO','Member Tier Info',to_timestamp('21-JUL-17 08.28.44.000000000 AM','DD-MON-RR HH.MI.SSXFF AM'),'INCV',null,null,'IN');
Insert into INCV.MASTERGROUP (MASTERGROUPCD,MASTERGROUPDESC,INSERTEDDT,INSERTEDBY,UPDATEDDT,UPDATEDBY,VOIDFLG) values ('OVERRIDECATG','Incentive Override Category',to_timestamp('09-AUG-17 09.13.38.000000000 AM','DD-MON-RR HH.MI.SSXFF AM'),'INCV',null,null,'IN');
Insert into INCV.MASTERGROUP (MASTERGROUPCD,MASTERGROUPDESC,INSERTEDDT,INSERTEDBY,UPDATEDDT,UPDATEDBY,VOIDFLG) values ('RUNSTATUS','Incentive Run Status',to_timestamp('27-OCT-14 03.59.28.460296000 PM','DD-MON-RR HH.MI.SSXFF AM'),'sram',to_timestamp('27-OCT-14 03.59.28.460296000 PM','DD-MON-RR HH.MI.SSXFF AM'),'sram','IN');
Insert into INCV.MASTERGROUP (MASTERGROUPCD,MASTERGROUPDESC,INSERTEDDT,INSERTEDBY,UPDATEDDT,UPDATEDBY,VOIDFLG) values ('RUNTYPE','Incentive Run Type',to_timestamp('27-OCT-14 03.59.28.574638000 PM','DD-MON-RR HH.MI.SSXFF AM'),'sram',to_timestamp('27-OCT-14 03.59.28.574638000 PM','DD-MON-RR HH.MI.SSXFF AM'),'sram','IN');
Insert into INCV.MASTERGROUP (MASTERGROUPCD,MASTERGROUPDESC,INSERTEDDT,INSERTEDBY,UPDATEDDT,UPDATEDBY,VOIDFLG) values ('RECSTAT','Record Status',to_timestamp('27-OCT-14 03.59.28.657692000 PM','DD-MON-RR HH.MI.SSXFF AM'),'sram',to_timestamp('27-OCT-14 03.59.28.657692000 PM','DD-MON-RR HH.MI.SSXFF AM'),'sram','IN');
Insert into INCV.MASTERGROUP (MASTERGROUPCD,MASTERGROUPDESC,INSERTEDDT,INSERTEDBY,UPDATEDDT,UPDATEDBY,VOIDFLG) values ('ACTSTAT','Activity Status',to_timestamp('27-OCT-14 03.59.28.741674000 PM','DD-MON-RR HH.MI.SSXFF AM'),'sram',to_timestamp('27-OCT-14 03.59.28.741674000 PM','DD-MON-RR HH.MI.SSXFF AM'),'sram','IN');
Insert into INCV.MASTERGROUP (MASTERGROUPCD,MASTERGROUPDESC,INSERTEDDT,INSERTEDBY,UPDATEDDT,UPDATEDBY,VOIDFLG) values ('RWDSTAT','Reward Status',to_timestamp('27-OCT-14 03.59.28.911767000 PM','DD-MON-RR HH.MI.SSXFF AM'),'sram',to_timestamp('27-OCT-14 03.59.28.911767000 PM','DD-MON-RR HH.MI.SSXFF AM'),'sram','IN');
Insert into INCV.MASTERGROUP (MASTERGROUPCD,MASTERGROUPDESC,INSERTEDDT,INSERTEDBY,UPDATEDDT,UPDATEDBY,VOIDFLG) values ('ACTTYPE','Activity Type',to_timestamp('27-OCT-14 03.59.29.109724000 PM','DD-MON-RR HH.MI.SSXFF AM'),'sram',to_timestamp('27-OCT-14 03.59.29.109724000 PM','DD-MON-RR HH.MI.SSXFF AM'),'sram','IN');
Insert into INCV.MASTERGROUP (MASTERGROUPCD,MASTERGROUPDESC,INSERTEDDT,INSERTEDBY,UPDATEDDT,UPDATEDBY,VOIDFLG) values ('INCGOALTYPE','Incentive Goal Type',to_timestamp('27-OCT-14 03.59.30.436078000 PM','DD-MON-RR HH.MI.SSXFF AM'),'sram',to_timestamp('27-OCT-14 03.59.30.436078000 PM','DD-MON-RR HH.MI.SSXFF AM'),'sram','IN');
Insert into INCV.MASTERGROUP (MASTERGROUPCD,MASTERGROUPDESC,INSERTEDDT,INSERTEDBY,UPDATEDDT,UPDATEDBY,VOIDFLG) values ('INCGOALCAT','Incentive Goal Category',to_timestamp('27-OCT-14 03.59.30.575938000 PM','DD-MON-RR HH.MI.SSXFF AM'),'sram',to_timestamp('27-OCT-14 03.59.30.575938000 PM','DD-MON-RR HH.MI.SSXFF AM'),'sram','IN');
Insert into INCV.MASTERGROUP (MASTERGROUPCD,MASTERGROUPDESC,INSERTEDDT,INSERTEDBY,UPDATEDDT,UPDATEDBY,VOIDFLG) values ('ATTRDATTYP','Attribute Data Type',to_timestamp('27-OCT-14 03.59.30.719275000 PM','DD-MON-RR HH.MI.SSXFF AM'),'sram',to_timestamp('27-OCT-14 03.59.30.719275000 PM','DD-MON-RR HH.MI.SSXFF AM'),'sram','IN');
Insert into INCV.MASTERGROUP (MASTERGROUPCD,MASTERGROUPDESC,INSERTEDDT,INSERTEDBY,UPDATEDDT,UPDATEDBY,VOIDFLG) values ('FREQ','Frequency',to_timestamp('27-OCT-14 03.59.30.838106000 PM','DD-MON-RR HH.MI.SSXFF AM'),'sram',to_timestamp('27-OCT-14 03.59.30.838106000 PM','DD-MON-RR HH.MI.SSXFF AM'),'sram','IN');
Insert into INCV.MASTERGROUP (MASTERGROUPCD,MASTERGROUPDESC,INSERTEDDT,INSERTEDBY,UPDATEDDT,UPDATEDBY,VOIDFLG) values ('PARTTYPE','Participant Type',to_timestamp('27-OCT-14 03.59.31.017308000 PM','DD-MON-RR HH.MI.SSXFF AM'),'sram',to_timestamp('27-OCT-14 03.59.31.017308000 PM','DD-MON-RR HH.MI.SSXFF AM'),'sram','IN');
Insert into INCV.MASTERGROUP (MASTERGROUPCD,MASTERGROUPDESC,INSERTEDDT,INSERTEDBY,UPDATEDDT,UPDATEDBY,VOIDFLG) values ('RELTYPE','Activity Relation Type',to_timestamp('27-OCT-14 03.59.31.156520000 PM','DD-MON-RR HH.MI.SSXFF AM'),'sram',to_timestamp('27-OCT-14 03.59.31.156520000 PM','DD-MON-RR HH.MI.SSXFF AM'),'sram','IN');
Insert into INCV.MASTERGROUP (MASTERGROUPCD,MASTERGROUPDESC,INSERTEDDT,INSERTEDBY,UPDATEDDT,UPDATEDBY,VOIDFLG) values ('LANGCODE','Language Code',to_timestamp('27-OCT-14 03.59.31.270679000 PM','DD-MON-RR HH.MI.SSXFF AM'),'skgr',to_timestamp('27-OCT-14 03.59.31.270679000 PM','DD-MON-RR HH.MI.SSXFF AM'),'skgr','IN');
Insert into INCV.MASTERGROUP (MASTERGROUPCD,MASTERGROUPDESC,INSERTEDDT,INSERTEDBY,UPDATEDDT,UPDATEDBY,VOIDFLG) values ('EC','Eligibility Classification',to_timestamp('27-OCT-14 03.59.31.442786000 PM','DD-MON-RR HH.MI.SSXFF AM'),'test',to_timestamp('27-OCT-14 03.59.31.442786000 PM','DD-MON-RR HH.MI.SSXFF AM'),'test','IN');


Insert into INCV.MASTERMNEMONIC (MASTERCODEMNEMONIC,MASTERCODEDESC,VOIDFLG,INSERTEDDT,INSERTEDBY,UPDATEDDT,UPDATEDBY,MASTERGROUPCD) values ('ACTTYPE_ANNUAL_FLU_SHOT','ANNUAL FLU SHOT','IN',to_timestamp('23-JAN-15 09.05.35.354409000 AM','DD-MON-RR HH.MI.SSXFF AM'),'test',to_timestamp('23-JAN-15 09.05.35.354409000 AM','DD-MON-RR HH.MI.SSXFF AM'),'test','ACTTYPE');
Insert into INCV.MASTERMNEMONIC (MASTERCODEMNEMONIC,MASTERCODEDESC,VOIDFLG,INSERTEDDT,INSERTEDBY,UPDATEDDT,UPDATEDBY,MASTERGROUPCD) values ('PARTTYPE_E','Employee','IN',to_timestamp('04-NOV-14 02.04.42.102401000 PM','DD-MON-RR HH.MI.SSXFF AM'),'sram',to_timestamp('04-NOV-14 02.04.42.102401000 PM','DD-MON-RR HH.MI.SSXFF AM'),'sram','PARTTYPE');
Insert into INCV.MASTERMNEMONIC (MASTERCODEMNEMONIC,MASTERCODEDESC,VOIDFLG,INSERTEDDT,INSERTEDBY,UPDATEDDT,UPDATEDBY,MASTERGROUPCD) values ('PARTTYPE_S','Spouse','IN',to_timestamp('04-NOV-14 02.04.42.204778000 PM','DD-MON-RR HH.MI.SSXFF AM'),'sram',to_timestamp('04-NOV-14 02.04.42.204778000 PM','DD-MON-RR HH.MI.SSXFF AM'),'sram','PARTTYPE');
Insert into INCV.MASTERMNEMONIC (MASTERCODEMNEMONIC,MASTERCODEDESC,VOIDFLG,INSERTEDDT,INSERTEDBY,UPDATEDDT,UPDATEDBY,MASTERGROUPCD) values ('ACTTYPE_HA_SS','HA SS','IN',to_timestamp('24-MAR-15 08.45.40.301809000 AM','DD-MON-RR HH.MI.SSXFF AM'),'test',to_timestamp('24-MAR-15 08.45.40.301809000 AM','DD-MON-RR HH.MI.SSXFF AM'),'test','ACTTYPE');
Insert into INCV.MASTERMNEMONIC (MASTERCODEMNEMONIC,MASTERCODEDESC,VOIDFLG,INSERTEDDT,INSERTEDBY,UPDATEDDT,UPDATEDBY,MASTERGROUPCD) values ('ACTTYPE_HA_WELL','HA WELL','IN',to_timestamp('24-MAR-15 08.45.40.301809000 AM','DD-MON-RR HH.MI.SSXFF AM'),'test',to_timestamp('24-MAR-15 08.45.40.301809000 AM','DD-MON-RR HH.MI.SSXFF AM'),'test','ACTTYPE');
Insert into INCV.MASTERMNEMONIC (MASTERCODEMNEMONIC,MASTERCODEDESC,VOIDFLG,INSERTEDDT,INSERTEDBY,UPDATEDDT,UPDATEDBY,MASTERGROUPCD) values ('ACTTYPE_ETC_COMP','ETC COMP','IN',to_timestamp('24-MAR-15 08.50.10.678463000 AM','DD-MON-RR HH.MI.SSXFF AM'),'test',to_timestamp('24-MAR-15 08.50.10.678463000 AM','DD-MON-RR HH.MI.SSXFF AM'),'test','ACTTYPE');
Insert into INCV.MASTERMNEMONIC (MASTERCODEMNEMONIC,MASTERCODEDESC,VOIDFLG,INSERTEDDT,INSERTEDBY,UPDATEDDT,UPDATEDBY,MASTERGROUPCD) values ('ACTTYPE_TRI_COMP','TRI COMP','IN',to_timestamp('24-MAR-15 08.55.03.852598000 AM','DD-MON-RR HH.MI.SSXFF AM'),'test',to_timestamp('24-MAR-15 08.55.03.852598000 AM','DD-MON-RR HH.MI.SSXFF AM'),'test','ACTTYPE');
Insert into INCV.MASTERMNEMONIC (MASTERCODEMNEMONIC,MASTERCODEDESC,VOIDFLG,INSERTEDDT,INSERTEDBY,UPDATEDDT,UPDATEDBY,MASTERGROUPCD) values ('ACTTYPE_TRI_TARG','TRI TARG','IN',to_timestamp('24-MAR-15 08.55.04.130559000 AM','DD-MON-RR HH.MI.SSXFF AM'),'test',to_timestamp('24-MAR-15 08.55.04.130559000 AM','DD-MON-RR HH.MI.SSXFF AM'),'test','ACTTYPE');
Insert into INCV.MASTERMNEMONIC (MASTERCODEMNEMONIC,MASTERCODEDESC,VOIDFLG,INSERTEDDT,INSERTEDBY,UPDATEDDT,UPDATEDBY,MASTERGROUPCD) values ('ACTTYPE_TRI_IMPRV','TRI IMPRV','IN',to_timestamp('24-MAR-15 08.55.04.407990000 AM','DD-MON-RR HH.MI.SSXFF AM'),'test',to_timestamp('24-MAR-15 08.55.04.407990000 AM','DD-MON-RR HH.MI.SSXFF AM'),'test','ACTTYPE');
Insert into INCV.MASTERMNEMONIC (MASTERCODEMNEMONIC,MASTERCODEDESC,VOIDFLG,INSERTEDDT,INSERTEDBY,UPDATEDDT,UPDATEDBY,MASTERGROUPCD) values ('ACTTYPE_LDL_W_UE','LDL W UE','IN',to_timestamp('08-APR-15 10.13.40.668655000 AM','DD-MON-RR HH.MI.SSXFF AM'),'test',to_timestamp('08-APR-15 10.13.40.668655000 AM','DD-MON-RR HH.MI.SSXFF AM'),'test','ACTTYPE');
Insert into INCV.MASTERMNEMONIC (MASTERCODEMNEMONIC,MASTERCODEDESC,VOIDFLG,INSERTEDDT,INSERTEDBY,UPDATEDDT,UPDATEDBY,MASTERGROUPCD) values ('ACTTYPE_LDL_TARG_W_UE','LDL TARG W UE','IN',to_timestamp('08-APR-15 10.13.40.745930000 AM','DD-MON-RR HH.MI.SSXFF AM'),'test',to_timestamp('08-APR-15 10.13.40.745930000 AM','DD-MON-RR HH.MI.SSXFF AM'),'test','ACTTYPE');
Insert into INCV.MASTERMNEMONIC (MASTERCODEMNEMONIC,MASTERCODEDESC,VOIDFLG,INSERTEDDT,INSERTEDBY,UPDATEDDT,UPDATEDBY,MASTERGROUPCD) values ('ACTTYPE_TC_CM','TC CM','IN',to_timestamp('08-APR-15 12.12.22.196274000 PM','DD-MON-RR HH.MI.SSXFF AM'),'test',to_timestamp('08-APR-15 12.12.22.196274000 PM','DD-MON-RR HH.MI.SSXFF AM'),'test','ACTTYPE');
Insert into INCV.MASTERMNEMONIC (MASTERCODEMNEMONIC,MASTERCODEDESC,VOIDFLG,INSERTEDDT,INSERTEDBY,UPDATEDDT,UPDATEDBY,MASTERGROUPCD) values ('ACTTYPE_WAIST_IMPRV','WAIST IMPRV','IN',to_timestamp('07-MAY-15 06.32.07.087568000 AM','DD-MON-RR HH.MI.SSXFF AM'),'test',to_timestamp('07-MAY-15 06.32.07.087568000 AM','DD-MON-RR HH.MI.SSXFF AM'),'test','ACTTYPE');
Insert into INCV.MASTERMNEMONIC (MASTERCODEMNEMONIC,MASTERCODEDESC,VOIDFLG,INSERTEDDT,INSERTEDBY,UPDATEDDT,UPDATEDBY,MASTERGROUPCD) values ('ACTTYPE_WAIST_TARG','WAIST TARG','IN',to_timestamp('05-MAY-15 07.46.36.087967000 AM','DD-MON-RR HH.MI.SSXFF AM'),'test',to_timestamp('05-MAY-15 07.46.36.087967000 AM','DD-MON-RR HH.MI.SSXFF AM'),'test','ACTTYPE');
Insert into INCV.MASTERMNEMONIC (MASTERCODEMNEMONIC,MASTERCODEDESC,VOIDFLG,INSERTEDDT,INSERTEDBY,UPDATEDDT,UPDATEDBY,MASTERGROUPCD) values ('EC_ALL_MEMBER','All Member Reward','IN',to_timestamp('24-JUL-15 06.53.50.202079000 AM','DD-MON-RR HH.MI.SSXFF AM'),'test',to_timestamp('24-JUL-15 06.53.50.202079000 AM','DD-MON-RR HH.MI.SSXFF AM'),'test','EC');
Insert into INCV.MASTERMNEMONIC (MASTERCODEMNEMONIC,MASTERCODEDESC,VOIDFLG,INSERTEDDT,INSERTEDBY,UPDATEDDT,UPDATEDBY,MASTERGROUPCD) values ('EC_CONDITION_BASED','Condition based Reward','IN',to_timestamp('24-JUL-15 06.53.55.760551000 AM','DD-MON-RR HH.MI.SSXFF AM'),'test',to_timestamp('24-JUL-15 06.53.55.760551000 AM','DD-MON-RR HH.MI.SSXFF AM'),'test','EC');
Insert into INCV.MASTERMNEMONIC (MASTERCODEMNEMONIC,MASTERCODEDESC,VOIDFLG,INSERTEDDT,INSERTEDBY,UPDATEDDT,UPDATEDBY,MASTERGROUPCD) values ('ACTTYPE_DIGITAL_COACHING6','ACTTYPE_DIGITAL_COACHING6','IN',to_timestamp('29-OCT-15 10.30.26.857700000 AM','DD-MON-RR HH.MI.SSXFF AM'),'test',to_timestamp('29-OCT-15 10.30.26.857700000 AM','DD-MON-RR HH.MI.SSXFF AM'),'test','ACTTYPE');
Insert into INCV.MASTERMNEMONIC (MASTERCODEMNEMONIC,MASTERCODEDESC,VOIDFLG,INSERTEDDT,INSERTEDBY,UPDATEDDT,UPDATEDBY,MASTERGROUPCD) values ('ACTTYPE_FAST_NONFAST_BG_TARG_WORK','Glucose Fasting/Non Fasting','IN',to_timestamp('02-NOV-15 04.37.21.952442000 PM','DD-MON-RR HH.MI.SSXFF AM'),'test',to_timestamp('02-NOV-15 04.37.21.952442000 PM','DD-MON-RR HH.MI.SSXFF AM'),'test','ACTTYPE');
Insert into INCV.MASTERMNEMONIC (MASTERCODEMNEMONIC,MASTERCODEDESC,VOIDFLG,INSERTEDDT,INSERTEDBY,UPDATEDDT,UPDATEDBY,MASTERGROUPCD) values ('ACTTYPE_FAST_NONFAST_BG_TARG_IMPRV_WORK','Glucose Fasting/Non Fasting Target Improvement','IN',to_timestamp('04-NOV-15 10.50.08.391186000 AM','DD-MON-RR HH.MI.SSXFF AM'),'test',to_timestamp('04-NOV-15 10.50.08.391186000 AM','DD-MON-RR HH.MI.SSXFF AM'),'test','ACTTYPE');
Insert into INCV.MASTERMNEMONIC (MASTERCODEMNEMONIC,MASTERCODEDESC,VOIDFLG,INSERTEDDT,INSERTEDBY,UPDATEDDT,UPDATEDBY,MASTERGROUPCD) values ('PARTTYPE_C+','Child Major','IN',to_timestamp('27-NOV-15 06.38.42.370284000 AM','DD-MON-RR HH.MI.SSXFF AM'),'test',to_timestamp('27-NOV-15 06.38.42.370284000 AM','DD-MON-RR HH.MI.SSXFF AM'),'test','PARTTYPE');
Insert into INCV.MASTERMNEMONIC (MASTERCODEMNEMONIC,MASTERCODEDESC,VOIDFLG,INSERTEDDT,INSERTEDBY,UPDATEDDT,UPDATEDBY,MASTERGROUPCD) values ('ACTTYPE_BMI_WC_TARG','BMI/WC Target','IN',to_timestamp('03-OCT-16 01.54.39.459942000 PM','DD-MON-RR HH.MI.SSXFF AM'),'test',to_timestamp('03-OCT-16 01.54.39.459942000 PM','DD-MON-RR HH.MI.SSXFF AM'),'test','ACTTYPE');
Insert into INCV.MASTERMNEMONIC (MASTERCODEMNEMONIC,MASTERCODEDESC,VOIDFLG,INSERTEDDT,INSERTEDBY,UPDATEDDT,UPDATEDBY,MASTERGROUPCD) values ('DIMENSIONTYPE_STATELVL','State Level','IN',to_timestamp('20-JUL-17 08.40.29.000000000 AM','DD-MON-RR HH.MI.SSXFF AM'),'INCV',null,null,'DIMENSIONTYPE');
Insert into INCV.MASTERMNEMONIC (MASTERCODEMNEMONIC,MASTERCODEDESC,VOIDFLG,INSERTEDDT,INSERTEDBY,UPDATEDDT,UPDATEDBY,MASTERGROUPCD) values ('TIERINFO_SILVER','Silver','IN',to_timestamp('21-JUL-17 08.28.45.000000000 AM','DD-MON-RR HH.MI.SSXFF AM'),'INCV',null,null,'TIERINFO');
Insert into INCV.MASTERMNEMONIC (MASTERCODEMNEMONIC,MASTERCODEDESC,VOIDFLG,INSERTEDDT,INSERTEDBY,UPDATEDDT,UPDATEDBY,MASTERGROUPCD) values ('TIERINFO_GOLD','Gold','IN',to_timestamp('21-JUL-17 08.28.45.000000000 AM','DD-MON-RR HH.MI.SSXFF AM'),'INCV',null,null,'TIERINFO');
Insert into INCV.MASTERMNEMONIC (MASTERCODEMNEMONIC,MASTERCODEDESC,VOIDFLG,INSERTEDDT,INSERTEDBY,UPDATEDDT,UPDATEDBY,MASTERGROUPCD) values ('TIERINFO_PLATINUM','Platinum','IN',to_timestamp('21-JUL-17 08.28.45.000000000 AM','DD-MON-RR HH.MI.SSXFF AM'),'INCV',null,null,'TIERINFO');
Insert into INCV.MASTERMNEMONIC (MASTERCODEMNEMONIC,MASTERCODEDESC,VOIDFLG,INSERTEDDT,INSERTEDBY,UPDATEDDT,UPDATEDBY,MASTERGROUPCD) values ('TIERINFO_RHODIUM','Rhodium','IN',to_timestamp('21-JUL-17 08.28.46.000000000 AM','DD-MON-RR HH.MI.SSXFF AM'),'INCV',null,null,'TIERINFO');
Insert into INCV.MASTERMNEMONIC (MASTERCODEMNEMONIC,MASTERCODEDESC,VOIDFLG,INSERTEDDT,INSERTEDBY,UPDATEDDT,UPDATEDBY,MASTERGROUPCD) values ('OVERRIDECATG_ATTRIBUTE','Override Source from Incentive Attribute','IN',to_timestamp('09-AUG-17 09.13.38.000000000 AM','DD-MON-RR HH.MI.SSXFF AM'),'INCV',null,null,'OVERRIDECATG');
Insert into INCV.MASTERMNEMONIC (MASTERCODEMNEMONIC,MASTERCODEDESC,VOIDFLG,INSERTEDDT,INSERTEDBY,UPDATEDDT,UPDATEDBY,MASTERGROUPCD) values ('OVERRIDECATG_GOALVAL','Override Source from Incentive Goal Value','IN',to_timestamp('09-AUG-17 09.13.38.000000000 AM','DD-MON-RR HH.MI.SSXFF AM'),'INCV',null,null,'OVERRIDECATG');
Insert into INCV.MASTERMNEMONIC (MASTERCODEMNEMONIC,MASTERCODEDESC,VOIDFLG,INSERTEDDT,INSERTEDBY,UPDATEDDT,UPDATEDBY,MASTERGROUPCD) values ('ACTTYPE_HYW_COACHING_ALL_CONF','Health Your Way (HYW) all configurable Coaching call rule','IN',to_timestamp('12-OCT-18 07.16.01.438093000 AM','DD-MON-RR HH.MI.SSXFF AM'),'INCV',to_timestamp('12-OCT-18 07.16.01.438093000 AM','DD-MON-RR HH.MI.SSXFF AM'),'INCV','ACTTYPE');
Insert into INCV.MASTERMNEMONIC (MASTERCODEMNEMONIC,MASTERCODEDESC,VOIDFLG,INSERTEDDT,INSERTEDBY,UPDATEDDT,UPDATEDBY,MASTERGROUPCD) values ('ACTTYPE_HYW_GOAL_COMP','Health Your Way (HYW) Goal Completion','IN',to_timestamp('12-OCT-18 07.16.03.107605000 AM','DD-MON-RR HH.MI.SSXFF AM'),'INCV',to_timestamp('12-OCT-18 07.16.03.107605000 AM','DD-MON-RR HH.MI.SSXFF AM'),'INCV','ACTTYPE');
Insert into INCV.MASTERMNEMONIC (MASTERCODEMNEMONIC,MASTERCODEDESC,VOIDFLG,INSERTEDDT,INSERTEDBY,UPDATEDDT,UPDATEDBY,MASTERGROUPCD) values ('RUNSTATUS_COMPLETE','Completed','IN',to_timestamp('27-OCT-14 03.59.28.489576000 PM','DD-MON-RR HH.MI.SSXFF AM'),'sram',to_timestamp('27-OCT-14 03.59.28.489576000 PM','DD-MON-RR HH.MI.SSXFF AM'),'sram','RUNSTATUS');
Insert into INCV.MASTERMNEMONIC (MASTERCODEMNEMONIC,MASTERCODEDESC,VOIDFLG,INSERTEDDT,INSERTEDBY,UPDATEDDT,UPDATEDBY,MASTERGROUPCD) values ('RUNSTATUS_PROGRESS','In Progress','IN',to_timestamp('27-OCT-14 03.59.28.519156000 PM','DD-MON-RR HH.MI.SSXFF AM'),'sram',to_timestamp('27-OCT-14 03.59.28.519156000 PM','DD-MON-RR HH.MI.SSXFF AM'),'sram','RUNSTATUS');
Insert into INCV.MASTERMNEMONIC (MASTERCODEMNEMONIC,MASTERCODEDESC,VOIDFLG,INSERTEDDT,INSERTEDBY,UPDATEDDT,UPDATEDBY,MASTERGROUPCD) values ('RUNSTATUS_ERROR','Error','IN',to_timestamp('27-OCT-14 03.59.28.547561000 PM','DD-MON-RR HH.MI.SSXFF AM'),'sram',to_timestamp('27-OCT-14 03.59.28.547561000 PM','DD-MON-RR HH.MI.SSXFF AM'),'sram','RUNSTATUS');
Insert into INCV.MASTERMNEMONIC (MASTERCODEMNEMONIC,MASTERCODEDESC,VOIDFLG,INSERTEDDT,INSERTEDBY,UPDATEDDT,UPDATEDBY,MASTERGROUPCD) values ('RUNTYPE_RT','Real Time','IN',to_timestamp('27-OCT-14 03.59.28.602801000 PM','DD-MON-RR HH.MI.SSXFF AM'),'sram',to_timestamp('27-OCT-14 03.59.28.602801000 PM','DD-MON-RR HH.MI.SSXFF AM'),'sram','RUNTYPE');
Insert into INCV.MASTERMNEMONIC (MASTERCODEMNEMONIC,MASTERCODEDESC,VOIDFLG,INSERTEDDT,INSERTEDBY,UPDATEDDT,UPDATEDBY,MASTERGROUPCD) values ('RUNTYPE_BT','Batch','IN',to_timestamp('27-OCT-14 03.59.28.630623000 PM','DD-MON-RR HH.MI.SSXFF AM'),'sram',to_timestamp('27-OCT-14 03.59.28.630623000 PM','DD-MON-RR HH.MI.SSXFF AM'),'sram','RUNTYPE');
Insert into INCV.MASTERMNEMONIC (MASTERCODEMNEMONIC,MASTERCODEDESC,VOIDFLG,INSERTEDDT,INSERTEDBY,UPDATEDDT,UPDATEDBY,MASTERGROUPCD) values ('RECSTAT_CURR','Current','IN',to_timestamp('27-OCT-14 03.59.28.686742000 PM','DD-MON-RR HH.MI.SSXFF AM'),'sram',to_timestamp('27-OCT-14 03.59.28.686742000 PM','DD-MON-RR HH.MI.SSXFF AM'),'sram','RECSTAT');
Insert into INCV.MASTERMNEMONIC (MASTERCODEMNEMONIC,MASTERCODEDESC,VOIDFLG,INSERTEDDT,INSERTEDBY,UPDATEDDT,UPDATEDBY,MASTERGROUPCD) values ('RECSTAT_HIST','History','IN',to_timestamp('27-OCT-14 03.59.28.714685000 PM','DD-MON-RR HH.MI.SSXFF AM'),'sram',to_timestamp('27-OCT-14 03.59.28.714685000 PM','DD-MON-RR HH.MI.SSXFF AM'),'sram','RECSTAT');
Insert into INCV.MASTERMNEMONIC (MASTERCODEMNEMONIC,MASTERCODEDESC,VOIDFLG,INSERTEDDT,INSERTEDBY,UPDATEDDT,UPDATEDBY,MASTERGROUPCD) values ('ACTSTAT_COMPL','Completed','IN',to_timestamp('27-OCT-14 03.59.28.769660000 PM','DD-MON-RR HH.MI.SSXFF AM'),'sram',to_timestamp('27-OCT-14 03.59.28.769660000 PM','DD-MON-RR HH.MI.SSXFF AM'),'sram','ACTSTAT');
Insert into INCV.MASTERMNEMONIC (MASTERCODEMNEMONIC,MASTERCODEDESC,VOIDFLG,INSERTEDDT,INSERTEDBY,UPDATEDDT,UPDATEDBY,MASTERGROUPCD) values ('ACTSTAT_INCOMPL','Not Completed','IN',to_timestamp('27-OCT-14 03.59.28.799119000 PM','DD-MON-RR HH.MI.SSXFF AM'),'sram',to_timestamp('27-OCT-14 03.59.28.799119000 PM','DD-MON-RR HH.MI.SSXFF AM'),'sram','ACTSTAT');
Insert into INCV.MASTERMNEMONIC (MASTERCODEMNEMONIC,MASTERCODEDESC,VOIDFLG,INSERTEDDT,INSERTEDBY,UPDATEDDT,UPDATEDBY,MASTERGROUPCD) values ('ACTSTAT_PD','Past Due','IN',to_timestamp('27-OCT-14 03.59.28.828156000 PM','DD-MON-RR HH.MI.SSXFF AM'),'sram',to_timestamp('27-OCT-14 03.59.28.828156000 PM','DD-MON-RR HH.MI.SSXFF AM'),'sram','ACTSTAT');
Insert into INCV.MASTERMNEMONIC (MASTERCODEMNEMONIC,MASTERCODEDESC,VOIDFLG,INSERTEDDT,INSERTEDBY,UPDATEDDT,UPDATEDBY,MASTERGROUPCD) values ('ACTSTAT_EARLY','Early','IN',to_timestamp('27-OCT-14 03.59.28.856397000 PM','DD-MON-RR HH.MI.SSXFF AM'),'sram',to_timestamp('27-OCT-14 03.59.28.856397000 PM','DD-MON-RR HH.MI.SSXFF AM'),'sram','ACTSTAT');
Insert into INCV.MASTERMNEMONIC (MASTERCODEMNEMONIC,MASTERCODEDESC,VOIDFLG,INSERTEDDT,INSERTEDBY,UPDATEDDT,UPDATEDBY,MASTERGROUPCD) values ('ACTSTAT_LATE','Late','IN',to_timestamp('27-OCT-14 03.59.28.884242000 PM','DD-MON-RR HH.MI.SSXFF AM'),'sram',to_timestamp('27-OCT-14 03.59.28.884242000 PM','DD-MON-RR HH.MI.SSXFF AM'),'sram','ACTSTAT');
Insert into INCV.MASTERMNEMONIC (MASTERCODEMNEMONIC,MASTERCODEDESC,VOIDFLG,INSERTEDDT,INSERTEDBY,UPDATEDDT,UPDATEDBY,MASTERGROUPCD) values ('RWDSTAT_COMPL','Completed','IN',to_timestamp('27-OCT-14 03.59.28.941587000 PM','DD-MON-RR HH.MI.SSXFF AM'),'sram',to_timestamp('27-OCT-14 03.59.28.941587000 PM','DD-MON-RR HH.MI.SSXFF AM'),'sram','RWDSTAT');
Insert into INCV.MASTERMNEMONIC (MASTERCODEMNEMONIC,MASTERCODEDESC,VOIDFLG,INSERTEDDT,INSERTEDBY,UPDATEDDT,UPDATEDBY,MASTERGROUPCD) values ('RWDSTAT_INCOMPL','Not Completed','IN',to_timestamp('27-OCT-14 03.59.28.970139000 PM','DD-MON-RR HH.MI.SSXFF AM'),'sram',to_timestamp('27-OCT-14 03.59.28.970139000 PM','DD-MON-RR HH.MI.SSXFF AM'),'sram','RWDSTAT');
Insert into INCV.MASTERMNEMONIC (MASTERCODEMNEMONIC,MASTERCODEDESC,VOIDFLG,INSERTEDDT,INSERTEDBY,UPDATEDDT,UPDATEDBY,MASTERGROUPCD) values ('RWDSTAT_PD','Past Due','IN',to_timestamp('27-OCT-14 03.59.28.998519000 PM','DD-MON-RR HH.MI.SSXFF AM'),'sram',to_timestamp('27-OCT-14 03.59.28.998519000 PM','DD-MON-RR HH.MI.SSXFF AM'),'sram','RWDSTAT');
Insert into INCV.MASTERMNEMONIC (MASTERCODEMNEMONIC,MASTERCODEDESC,VOIDFLG,INSERTEDDT,INSERTEDBY,UPDATEDDT,UPDATEDBY,MASTERGROUPCD) values ('RWDSTAT_EARLY','Early','IN',to_timestamp('27-OCT-14 03.59.29.026532000 PM','DD-MON-RR HH.MI.SSXFF AM'),'sram',to_timestamp('27-OCT-14 03.59.29.026532000 PM','DD-MON-RR HH.MI.SSXFF AM'),'sram','RWDSTAT');
Insert into INCV.MASTERMNEMONIC (MASTERCODEMNEMONIC,MASTERCODEDESC,VOIDFLG,INSERTEDDT,INSERTEDBY,UPDATEDDT,UPDATEDBY,MASTERGROUPCD) values ('RWDSTAT_LATE','Late','IN',to_timestamp('27-OCT-14 03.59.29.054358000 PM','DD-MON-RR HH.MI.SSXFF AM'),'sram',to_timestamp('27-OCT-14 03.59.29.054358000 PM','DD-MON-RR HH.MI.SSXFF AM'),'sram','RWDSTAT');
Insert into INCV.MASTERMNEMONIC (MASTERCODEMNEMONIC,MASTERCODEDESC,VOIDFLG,INSERTEDDT,INSERTEDBY,UPDATEDDT,UPDATEDBY,MASTERGROUPCD) values ('RWDSTAT_OPEN','Open','IN',to_timestamp('27-OCT-14 03.59.29.082779000 PM','DD-MON-RR HH.MI.SSXFF AM'),'vvinod',to_timestamp('27-OCT-14 03.59.29.082779000 PM','DD-MON-RR HH.MI.SSXFF AM'),'vvinod','RWDSTAT');
Insert into INCV.MASTERMNEMONIC (MASTERCODEMNEMONIC,MASTERCODEDESC,VOIDFLG,INSERTEDDT,INSERTEDBY,UPDATEDDT,UPDATEDBY,MASTERGROUPCD) values ('ACTTYPE_WELL_ANNUAL','WELL ANNUAL','IN',to_timestamp('27-JAN-15 08.05.21.734136000 AM','DD-MON-RR HH.MI.SSXFF AM'),'test',to_timestamp('27-JAN-15 08.05.21.734136000 AM','DD-MON-RR HH.MI.SSXFF AM'),'test','ACTTYPE');
Insert into INCV.MASTERMNEMONIC (MASTERCODEMNEMONIC,MASTERCODEDESC,VOIDFLG,INSERTEDDT,INSERTEDBY,UPDATEDDT,UPDATEDBY,MASTERGROUPCD) values ('ACTTYPE_A1C_COMP','A1C COMP','IN',to_timestamp('27-OCT-14 03.59.29.166193000 PM','DD-MON-RR HH.MI.SSXFF AM'),'thiru',to_timestamp('27-OCT-14 03.59.29.166193000 PM','DD-MON-RR HH.MI.SSXFF AM'),'thiru','ACTTYPE');
Insert into INCV.MASTERMNEMONIC (MASTERCODEMNEMONIC,MASTERCODEDESC,VOIDFLG,INSERTEDDT,INSERTEDBY,UPDATEDDT,UPDATEDBY,MASTERGROUPCD) values ('ACTTYPE_DENT_COMP_CLAIMS','DENT COMP CLAIMS','IN',to_timestamp('27-OCT-14 03.59.29.194136000 PM','DD-MON-RR HH.MI.SSXFF AM'),'mmullackal',to_timestamp('27-OCT-14 03.59.29.194136000 PM','DD-MON-RR HH.MI.SSXFF AM'),'mmullackal','ACTTYPE');
Insert into INCV.MASTERMNEMONIC (MASTERCODEMNEMONIC,MASTERCODEDESC,VOIDFLG,INSERTEDDT,INSERTEDBY,UPDATEDDT,UPDATEDBY,MASTERGROUPCD) values ('ACTTYPE_DENT_COMP_AHDI','DENT COMP AHDI','IN',to_timestamp('27-OCT-14 03.59.29.222652000 PM','DD-MON-RR HH.MI.SSXFF AM'),'mmullackal',to_timestamp('27-OCT-14 03.59.29.222652000 PM','DD-MON-RR HH.MI.SSXFF AM'),'mmullackal','ACTTYPE');
Insert into INCV.MASTERMNEMONIC (MASTERCODEMNEMONIC,MASTERCODEDESC,VOIDFLG,INSERTEDDT,INSERTEDBY,UPDATEDDT,UPDATEDBY,MASTERGROUPCD) values ('ACTTYPE_DM_ELGB','DM ELGB','IN',to_timestamp('27-OCT-14 03.59.29.250639000 PM','DD-MON-RR HH.MI.SSXFF AM'),'mmullackal',to_timestamp('27-OCT-14 03.59.29.250639000 PM','DD-MON-RR HH.MI.SSXFF AM'),'mmullackal','ACTTYPE');
Insert into INCV.MASTERMNEMONIC (MASTERCODEMNEMONIC,MASTERCODEDESC,VOIDFLG,INSERTEDDT,INSERTEDBY,UPDATEDDT,UPDATEDBY,MASTERGROUPCD) values ('ACTTYPE_HA','HA','IN',to_timestamp('27-OCT-14 03.59.29.279411000 PM','DD-MON-RR HH.MI.SSXFF AM'),'mmullackal',to_timestamp('27-OCT-14 03.59.29.279411000 PM','DD-MON-RR HH.MI.SSXFF AM'),'mmullackal','ACTTYPE');
Insert into INCV.MASTERMNEMONIC (MASTERCODEMNEMONIC,MASTERCODEDESC,VOIDFLG,INSERTEDDT,INSERTEDBY,UPDATEDDT,UPDATEDBY,MASTERGROUPCD) values ('ACTTYPE_BIOMETRIC_COMPLETION','BIOMETRIC COMPLETION','IN',to_timestamp('27-OCT-14 03.59.29.308382000 PM','DD-MON-RR HH.MI.SSXFF AM'),'mmullackal',to_timestamp('27-OCT-14 03.59.29.308382000 PM','DD-MON-RR HH.MI.SSXFF AM'),'mmullackal','ACTTYPE');
Insert into INCV.MASTERMNEMONIC (MASTERCODEMNEMONIC,MASTERCODEDESC,VOIDFLG,INSERTEDDT,INSERTEDBY,UPDATEDDT,UPDATEDBY,MASTERGROUPCD) values ('ACTTYPE_BP','BP','IN',to_timestamp('27-OCT-14 03.59.29.338844000 PM','DD-MON-RR HH.MI.SSXFF AM'),'mmullackal',to_timestamp('27-OCT-14 03.59.29.338844000 PM','DD-MON-RR HH.MI.SSXFF AM'),'mmullackal','ACTTYPE');
Insert into INCV.MASTERMNEMONIC (MASTERCODEMNEMONIC,MASTERCODEDESC,VOIDFLG,INSERTEDDT,INSERTEDBY,UPDATEDDT,UPDATEDBY,MASTERGROUPCD) values ('ACTTYPE_BMI','BMI','IN',to_timestamp('27-OCT-14 03.59.29.370143000 PM','DD-MON-RR HH.MI.SSXFF AM'),'mmullackal',to_timestamp('27-OCT-14 03.59.29.370143000 PM','DD-MON-RR HH.MI.SSXFF AM'),'mmullackal','ACTTYPE');
Insert into INCV.MASTERMNEMONIC (MASTERCODEMNEMONIC,MASTERCODEDESC,VOIDFLG,INSERTEDDT,INSERTEDBY,UPDATEDDT,UPDATEDBY,MASTERGROUPCD) values ('ACTTYPE_TC','TC','IN',to_timestamp('27-OCT-14 03.59.29.400283000 PM','DD-MON-RR HH.MI.SSXFF AM'),'mmullackal',to_timestamp('27-OCT-14 03.59.29.400283000 PM','DD-MON-RR HH.MI.SSXFF AM'),'mmullackal','ACTTYPE');
Insert into INCV.MASTERMNEMONIC (MASTERCODEMNEMONIC,MASTERCODEDESC,VOIDFLG,INSERTEDDT,INSERTEDBY,UPDATEDDT,UPDATEDBY,MASTERGROUPCD) values ('ACTTYPE_TC_DM','TC DM','IN',to_timestamp('27-OCT-14 03.59.29.428777000 PM','DD-MON-RR HH.MI.SSXFF AM'),'mmullackal',to_timestamp('27-OCT-14 03.59.29.428777000 PM','DD-MON-RR HH.MI.SSXFF AM'),'mmullackal','ACTTYPE');
Insert into INCV.MASTERMNEMONIC (MASTERCODEMNEMONIC,MASTERCODEDESC,VOIDFLG,INSERTEDDT,INSERTEDBY,UPDATEDDT,UPDATEDBY,MASTERGROUPCD) values ('ACTTYPE_HDL','HDL','IN',to_timestamp('27-OCT-14 03.59.29.456853000 PM','DD-MON-RR HH.MI.SSXFF AM'),'mmullackal',to_timestamp('27-OCT-14 03.59.29.456853000 PM','DD-MON-RR HH.MI.SSXFF AM'),'mmullackal','ACTTYPE');
Insert into INCV.MASTERMNEMONIC (MASTERCODEMNEMONIC,MASTERCODEDESC,VOIDFLG,INSERTEDDT,INSERTEDBY,UPDATEDDT,UPDATEDBY,MASTERGROUPCD) values ('ACTTYPE_LDL','LDL','IN',to_timestamp('27-OCT-14 03.59.29.485321000 PM','DD-MON-RR HH.MI.SSXFF AM'),'mmullackal',to_timestamp('27-OCT-14 03.59.29.485321000 PM','DD-MON-RR HH.MI.SSXFF AM'),'mmullackal','ACTTYPE');
Insert into INCV.MASTERMNEMONIC (MASTERCODEMNEMONIC,MASTERCODEDESC,VOIDFLG,INSERTEDDT,INSERTEDBY,UPDATEDDT,UPDATEDBY,MASTERGROUPCD) values ('ACTTYPE_BG','BG','IN',to_timestamp('27-OCT-14 03.59.29.513705000 PM','DD-MON-RR HH.MI.SSXFF AM'),'mmullackal',to_timestamp('27-OCT-14 03.59.29.513705000 PM','DD-MON-RR HH.MI.SSXFF AM'),'mmullackal','ACTTYPE');
Insert into INCV.MASTERMNEMONIC (MASTERCODEMNEMONIC,MASTERCODEDESC,VOIDFLG,INSERTEDDT,INSERTEDBY,UPDATEDDT,UPDATEDBY,MASTERGROUPCD) values ('ACTTYPE_WELL_1','WELL 1','IN',to_timestamp('27-JAN-15 08.05.22.031719000 AM','DD-MON-RR HH.MI.SSXFF AM'),'test',to_timestamp('27-JAN-15 08.05.22.031719000 AM','DD-MON-RR HH.MI.SSXFF AM'),'test','ACTTYPE');
Insert into INCV.MASTERMNEMONIC (MASTERCODEMNEMONIC,MASTERCODEDESC,VOIDFLG,INSERTEDDT,INSERTEDBY,UPDATEDDT,UPDATEDBY,MASTERGROUPCD) values ('ACTTYPE_TOBACCO_FREE','ACTTYPE_TOBACCO_FREE','IN',to_timestamp('27-OCT-14 03.59.29.572735000 PM','DD-MON-RR HH.MI.SSXFF AM'),'mmullackal',to_timestamp('27-OCT-14 03.59.29.572735000 PM','DD-MON-RR HH.MI.SSXFF AM'),'mmullackal','ACTTYPE');
Insert into INCV.MASTERMNEMONIC (MASTERCODEMNEMONIC,MASTERCODEDESC,VOIDFLG,INSERTEDDT,INSERTEDBY,UPDATEDDT,UPDATEDBY,MASTERGROUPCD) values ('ACTTYPE_WEIGHT_MANAGEMENT','ACTTYPE_WEIGHT_MANAGEMENT','IN',to_timestamp('27-OCT-14 03.59.29.601525000 PM','DD-MON-RR HH.MI.SSXFF AM'),'mmullackal',to_timestamp('27-OCT-14 03.59.29.601525000 PM','DD-MON-RR HH.MI.SSXFF AM'),'mmullackal','ACTTYPE');
Insert into INCV.MASTERMNEMONIC (MASTERCODEMNEMONIC,MASTERCODEDESC,VOIDFLG,INSERTEDDT,INSERTEDBY,UPDATEDDT,UPDATEDBY,MASTERGROUPCD) values ('ACTTYPE_WAIST_COMP','WAIST COMP','IN',to_timestamp('27-OCT-14 03.59.29.630356000 PM','DD-MON-RR HH.MI.SSXFF AM'),'mmullackal',to_timestamp('27-OCT-14 03.59.29.630356000 PM','DD-MON-RR HH.MI.SSXFF AM'),'mmullackal','ACTTYPE');
Insert into INCV.MASTERMNEMONIC (MASTERCODEMNEMONIC,MASTERCODEDESC,VOIDFLG,INSERTEDDT,INSERTEDBY,UPDATEDDT,UPDATEDBY,MASTERGROUPCD) values ('ACTTYPE_LC_TELP','LC TELP','IN',to_timestamp('27-OCT-14 03.59.29.658451000 PM','DD-MON-RR HH.MI.SSXFF AM'),'mmullackal',to_timestamp('27-OCT-14 03.59.29.658451000 PM','DD-MON-RR HH.MI.SSXFF AM'),'mmullackal','ACTTYPE');
Insert into INCV.MASTERMNEMONIC (MASTERCODEMNEMONIC,MASTERCODEDESC,VOIDFLG,INSERTEDDT,INSERTEDBY,UPDATEDDT,UPDATEDBY,MASTERGROUPCD) values ('ACTTYPE_LCTC_TELP','LCTC TELP','IN',to_timestamp('27-OCT-14 03.59.29.686905000 PM','DD-MON-RR HH.MI.SSXFF AM'),'mmullackal',to_timestamp('27-OCT-14 03.59.29.686905000 PM','DD-MON-RR HH.MI.SSXFF AM'),'mmullackal','ACTTYPE');
Insert into INCV.MASTERMNEMONIC (MASTERCODEMNEMONIC,MASTERCODEDESC,VOIDFLG,INSERTEDDT,INSERTEDBY,UPDATEDDT,UPDATEDBY,MASTERGROUPCD) values ('ACTTYPE_PHYSCL_COMP','PHYSCL COMP','IN',to_timestamp('27-OCT-14 03.59.29.716105000 PM','DD-MON-RR HH.MI.SSXFF AM'),'mmullackal',to_timestamp('27-OCT-14 03.59.29.716105000 PM','DD-MON-RR HH.MI.SSXFF AM'),'mmullackal','ACTTYPE');
Insert into INCV.MASTERMNEMONIC (MASTERCODEMNEMONIC,MASTERCODEDESC,VOIDFLG,INSERTEDDT,INSERTEDBY,UPDATEDDT,UPDATEDBY,MASTERGROUPCD) values ('ACTTYPE_PATK6','PATK6','IN',to_timestamp('27-OCT-14 03.59.29.744666000 PM','DD-MON-RR HH.MI.SSXFF AM'),'mmullackal',to_timestamp('27-OCT-14 03.59.29.744666000 PM','DD-MON-RR HH.MI.SSXFF AM'),'mmullackal','ACTTYPE');
Insert into INCV.MASTERMNEMONIC (MASTERCODEMNEMONIC,MASTERCODEDESC,VOIDFLG,INSERTEDDT,INSERTEDBY,UPDATEDDT,UPDATEDBY,MASTERGROUPCD) values ('ACTTYPE_SELF_REPORTED','SELF REPORTED','IN',to_timestamp('27-OCT-14 03.59.29.772903000 PM','DD-MON-RR HH.MI.SSXFF AM'),'mmullackal',to_timestamp('27-OCT-14 03.59.29.772903000 PM','DD-MON-RR HH.MI.SSXFF AM'),'mmullackal','ACTTYPE');
Insert into INCV.MASTERMNEMONIC (MASTERCODEMNEMONIC,MASTERCODEDESC,VOIDFLG,INSERTEDDT,INSERTEDBY,UPDATEDDT,UPDATEDBY,MASTERGROUPCD) values ('ACTTYPE_PATK5','PATK5','IN',to_timestamp('27-OCT-14 03.59.29.801078000 PM','DD-MON-RR HH.MI.SSXFF AM'),'mmullackal',to_timestamp('27-OCT-14 03.59.29.801078000 PM','DD-MON-RR HH.MI.SSXFF AM'),'mmullackal','ACTTYPE');
Insert into INCV.MASTERMNEMONIC (MASTERCODEMNEMONIC,MASTERCODEDESC,VOIDFLG,INSERTEDDT,INSERTEDBY,UPDATEDDT,UPDATEDBY,MASTERGROUPCD) values ('ACTTYPE_PATK3','PATK3','IN',to_timestamp('27-OCT-14 03.59.29.829711000 PM','DD-MON-RR HH.MI.SSXFF AM'),'mmullackal',to_timestamp('27-OCT-14 03.59.29.829711000 PM','DD-MON-RR HH.MI.SSXFF AM'),'mmullackal','ACTTYPE');
Insert into INCV.MASTERMNEMONIC (MASTERCODEMNEMONIC,MASTERCODEDESC,VOIDFLG,INSERTEDDT,INSERTEDBY,UPDATEDDT,UPDATEDBY,MASTERGROUPCD) values ('ACTTYPE_A1C_TARG','A1C TARG','IN',to_timestamp('27-OCT-14 03.59.29.859226000 PM','DD-MON-RR HH.MI.SSXFF AM'),'test',to_timestamp('27-OCT-14 03.59.29.859226000 PM','DD-MON-RR HH.MI.SSXFF AM'),'test','ACTTYPE');
Insert into INCV.MASTERMNEMONIC (MASTERCODEMNEMONIC,MASTERCODEDESC,VOIDFLG,INSERTEDDT,INSERTEDBY,UPDATEDDT,UPDATEDBY,MASTERGROUPCD) values ('ACTTYPE_A1C_IMPRV','A1C IMPRV','IN',to_timestamp('27-OCT-14 03.59.29.888246000 PM','DD-MON-RR HH.MI.SSXFF AM'),'test',to_timestamp('27-OCT-14 03.59.29.888246000 PM','DD-MON-RR HH.MI.SSXFF AM'),'test','ACTTYPE');
Insert into INCV.MASTERMNEMONIC (MASTERCODEMNEMONIC,MASTERCODEDESC,VOIDFLG,INSERTEDDT,INSERTEDBY,UPDATEDDT,UPDATEDBY,MASTERGROUPCD) values ('ACTTYPE_BMI_TARG','BMI TARG','IN',to_timestamp('27-OCT-14 03.59.29.918080000 PM','DD-MON-RR HH.MI.SSXFF AM'),'test',to_timestamp('27-OCT-14 03.59.29.918080000 PM','DD-MON-RR HH.MI.SSXFF AM'),'test','ACTTYPE');
Insert into INCV.MASTERMNEMONIC (MASTERCODEMNEMONIC,MASTERCODEDESC,VOIDFLG,INSERTEDDT,INSERTEDBY,UPDATEDDT,UPDATEDBY,MASTERGROUPCD) values ('ACTTYPE_LDL_TARG','LDL TARG','IN',to_timestamp('27-OCT-14 03.59.29.948699000 PM','DD-MON-RR HH.MI.SSXFF AM'),'test',to_timestamp('27-OCT-14 03.59.29.948699000 PM','DD-MON-RR HH.MI.SSXFF AM'),'test','ACTTYPE');
Insert into INCV.MASTERMNEMONIC (MASTERCODEMNEMONIC,MASTERCODEDESC,VOIDFLG,INSERTEDDT,INSERTEDBY,UPDATEDDT,UPDATEDBY,MASTERGROUPCD) values ('ACTTYPE_BMI_IMPRV','BMI IMPRV','IN',to_timestamp('27-OCT-14 03.59.29.978622000 PM','DD-MON-RR HH.MI.SSXFF AM'),'test',to_timestamp('27-OCT-14 03.59.29.978622000 PM','DD-MON-RR HH.MI.SSXFF AM'),'test','ACTTYPE');
Insert into INCV.MASTERMNEMONIC (MASTERCODEMNEMONIC,MASTERCODEDESC,VOIDFLG,INSERTEDDT,INSERTEDBY,UPDATEDDT,UPDATEDBY,MASTERGROUPCD) values ('ACTTYPE_LDL_IMPRV','LDL IMPRV','IN',to_timestamp('27-OCT-14 03.59.30.007750000 PM','DD-MON-RR HH.MI.SSXFF AM'),'test',to_timestamp('27-OCT-14 03.59.30.007750000 PM','DD-MON-RR HH.MI.SSXFF AM'),'test','ACTTYPE');
Insert into INCV.MASTERMNEMONIC (MASTERCODEMNEMONIC,MASTERCODEDESC,VOIDFLG,INSERTEDDT,INSERTEDBY,UPDATEDDT,UPDATEDBY,MASTERGROUPCD) values ('ACTTYPE_BP_TARG','BP TARG','IN',to_timestamp('27-OCT-14 03.59.30.036770000 PM','DD-MON-RR HH.MI.SSXFF AM'),'test',to_timestamp('27-OCT-14 03.59.30.036770000 PM','DD-MON-RR HH.MI.SSXFF AM'),'test','ACTTYPE');
Insert into INCV.MASTERMNEMONIC (MASTERCODEMNEMONIC,MASTERCODEDESC,VOIDFLG,INSERTEDDT,INSERTEDBY,UPDATEDDT,UPDATEDBY,MASTERGROUPCD) values ('ACTTYPE_BP_IMPRV','BP IMPRV','IN',to_timestamp('27-OCT-14 03.59.30.066261000 PM','DD-MON-RR HH.MI.SSXFF AM'),'test',to_timestamp('27-OCT-14 03.59.30.066261000 PM','DD-MON-RR HH.MI.SSXFF AM'),'test','ACTTYPE');
Insert into INCV.MASTERMNEMONIC (MASTERCODEMNEMONIC,MASTERCODEDESC,VOIDFLG,INSERTEDDT,INSERTEDBY,UPDATEDDT,UPDATEDBY,MASTERGROUPCD) values ('ACTTYPE_DIGITAL_COACHING1','DIGITAL COACHING1','IN',to_timestamp('27-OCT-14 03.59.30.094313000 PM','DD-MON-RR HH.MI.SSXFF AM'),'test',to_timestamp('27-OCT-14 03.59.30.094313000 PM','DD-MON-RR HH.MI.SSXFF AM'),'test','ACTTYPE');
Insert into INCV.MASTERMNEMONIC (MASTERCODEMNEMONIC,MASTERCODEDESC,VOIDFLG,INSERTEDDT,INSERTEDBY,UPDATEDDT,UPDATEDBY,MASTERGROUPCD) values ('ACTTYPE_DIGITAL_COACHING2','DIGITAL COACHING2','IN',to_timestamp('27-OCT-14 03.59.30.123397000 PM','DD-MON-RR HH.MI.SSXFF AM'),'test',to_timestamp('27-OCT-14 03.59.30.123397000 PM','DD-MON-RR HH.MI.SSXFF AM'),'test','ACTTYPE');
Insert into INCV.MASTERMNEMONIC (MASTERCODEMNEMONIC,MASTERCODEDESC,VOIDFLG,INSERTEDDT,INSERTEDBY,UPDATEDDT,UPDATEDBY,MASTERGROUPCD) values ('ACTTYPE_DIGITAL_COACHING3','DIGITAL COACHING3','IN',to_timestamp('27-OCT-14 03.59.30.152196000 PM','DD-MON-RR HH.MI.SSXFF AM'),'test',to_timestamp('27-OCT-14 03.59.30.152196000 PM','DD-MON-RR HH.MI.SSXFF AM'),'test','ACTTYPE');
Insert into INCV.MASTERMNEMONIC (MASTERCODEMNEMONIC,MASTERCODEDESC,VOIDFLG,INSERTEDDT,INSERTEDBY,UPDATEDDT,UPDATEDBY,MASTERGROUPCD) values ('ACTTYPE_DIGITAL_COACHING4','DIGITAL COACHING4','IN',to_timestamp('27-OCT-14 03.59.30.180998000 PM','DD-MON-RR HH.MI.SSXFF AM'),'test',to_timestamp('27-OCT-14 03.59.30.180998000 PM','DD-MON-RR HH.MI.SSXFF AM'),'test','ACTTYPE');
Insert into INCV.MASTERMNEMONIC (MASTERCODEMNEMONIC,MASTERCODEDESC,VOIDFLG,INSERTEDDT,INSERTEDBY,UPDATEDDT,UPDATEDBY,MASTERGROUPCD) values ('ACTTYPE_HDL_TARG','HDL TARG','IN',to_timestamp('27-OCT-14 03.59.30.209690000 PM','DD-MON-RR HH.MI.SSXFF AM'),'test',to_timestamp('27-OCT-14 03.59.30.209690000 PM','DD-MON-RR HH.MI.SSXFF AM'),'test','ACTTYPE');
Insert into INCV.MASTERMNEMONIC (MASTERCODEMNEMONIC,MASTERCODEDESC,VOIDFLG,INSERTEDDT,INSERTEDBY,UPDATEDDT,UPDATEDBY,MASTERGROUPCD) values ('ACTTYPE_HDL_IMPRV','HDL IMPRV','IN',to_timestamp('27-OCT-14 03.59.30.237922000 PM','DD-MON-RR HH.MI.SSXFF AM'),'test',to_timestamp('27-OCT-14 03.59.30.237922000 PM','DD-MON-RR HH.MI.SSXFF AM'),'test','ACTTYPE');
Insert into INCV.MASTERMNEMONIC (MASTERCODEMNEMONIC,MASTERCODEDESC,VOIDFLG,INSERTEDDT,INSERTEDBY,UPDATEDDT,UPDATEDBY,MASTERGROUPCD) values ('ACTTYPE_TOTCHOL_COMP','TOTCHOL COMP','IN',to_timestamp('27-OCT-14 03.59.30.265991000 PM','DD-MON-RR HH.MI.SSXFF AM'),'test',to_timestamp('27-OCT-14 03.59.30.265991000 PM','DD-MON-RR HH.MI.SSXFF AM'),'test','ACTTYPE');
Insert into INCV.MASTERMNEMONIC (MASTERCODEMNEMONIC,MASTERCODEDESC,VOIDFLG,INSERTEDDT,INSERTEDBY,UPDATEDDT,UPDATEDBY,MASTERGROUPCD) values ('ACTTYPE_TOTCHOL_TARG','TOTCHOL TARG','IN',to_timestamp('27-OCT-14 03.59.30.293841000 PM','DD-MON-RR HH.MI.SSXFF AM'),'test',to_timestamp('27-OCT-14 03.59.30.293841000 PM','DD-MON-RR HH.MI.SSXFF AM'),'test','ACTTYPE');
Insert into INCV.MASTERMNEMONIC (MASTERCODEMNEMONIC,MASTERCODEDESC,VOIDFLG,INSERTEDDT,INSERTEDBY,UPDATEDDT,UPDATEDBY,MASTERGROUPCD) values ('ACTTYPE_TOTCHOL_IMPRV','TOTCHOL IMPRV','IN',to_timestamp('27-OCT-14 03.59.30.322101000 PM','DD-MON-RR HH.MI.SSXFF AM'),'test',to_timestamp('27-OCT-14 03.59.30.322101000 PM','DD-MON-RR HH.MI.SSXFF AM'),'test','ACTTYPE');
Insert into INCV.MASTERMNEMONIC (MASTERCODEMNEMONIC,MASTERCODEDESC,VOIDFLG,INSERTEDDT,INSERTEDBY,UPDATEDDT,UPDATEDBY,MASTERGROUPCD) values ('ACTTYPE_GRP_COACHING1','GRP COACHING1','IN',to_timestamp('27-OCT-14 03.59.30.350371000 PM','DD-MON-RR HH.MI.SSXFF AM'),'test',to_timestamp('27-OCT-14 03.59.30.350371000 PM','DD-MON-RR HH.MI.SSXFF AM'),'test','ACTTYPE');
Insert into INCV.MASTERMNEMONIC (MASTERCODEMNEMONIC,MASTERCODEDESC,VOIDFLG,INSERTEDDT,INSERTEDBY,UPDATEDDT,UPDATEDBY,MASTERGROUPCD) values ('ACTTYPE_GRP_COACHING2','GRP COACHING2','IN',to_timestamp('27-OCT-14 03.59.30.379281000 PM','DD-MON-RR HH.MI.SSXFF AM'),'test',to_timestamp('27-OCT-14 03.59.30.379281000 PM','DD-MON-RR HH.MI.SSXFF AM'),'test','ACTTYPE');
Insert into INCV.MASTERMNEMONIC (MASTERCODEMNEMONIC,MASTERCODEDESC,VOIDFLG,INSERTEDDT,INSERTEDBY,UPDATEDDT,UPDATEDBY,MASTERGROUPCD) values ('ACTTYPE_GRP_COACHING3','GRP COACHING3','IN',to_timestamp('27-OCT-14 03.59.30.408133000 PM','DD-MON-RR HH.MI.SSXFF AM'),'test',to_timestamp('27-OCT-14 03.59.30.408133000 PM','DD-MON-RR HH.MI.SSXFF AM'),'test','ACTTYPE');
Insert into INCV.MASTERMNEMONIC (MASTERCODEMNEMONIC,MASTERCODEDESC,VOIDFLG,INSERTEDDT,INSERTEDBY,UPDATEDDT,UPDATEDBY,MASTERGROUPCD) values ('INCGOALTYPE_DOL','Dollars','IN',to_timestamp('27-OCT-14 03.59.30.465699000 PM','DD-MON-RR HH.MI.SSXFF AM'),'sram',to_timestamp('27-OCT-14 03.59.30.465699000 PM','DD-MON-RR HH.MI.SSXFF AM'),'sram','INCGOALTYPE');
Insert into INCV.MASTERMNEMONIC (MASTERCODEMNEMONIC,MASTERCODEDESC,VOIDFLG,INSERTEDDT,INSERTEDBY,UPDATEDDT,UPDATEDBY,MASTERGROUPCD) values ('INCGOALTYPE_PCT','Percentage','IN',to_timestamp('27-OCT-14 03.59.30.493651000 PM','DD-MON-RR HH.MI.SSXFF AM'),'sram',to_timestamp('27-OCT-14 03.59.30.493651000 PM','DD-MON-RR HH.MI.SSXFF AM'),'sram','INCGOALTYPE');
Insert into INCV.MASTERMNEMONIC (MASTERCODEMNEMONIC,MASTERCODEDESC,VOIDFLG,INSERTEDDT,INSERTEDBY,UPDATEDDT,UPDATEDBY,MASTERGROUPCD) values ('INCGOALTYPE_PNT','Points','IN',to_timestamp('27-OCT-14 03.59.30.521532000 PM','DD-MON-RR HH.MI.SSXFF AM'),'sram',to_timestamp('27-OCT-14 03.59.30.521532000 PM','DD-MON-RR HH.MI.SSXFF AM'),'sram','INCGOALTYPE');
Insert into INCV.MASTERMNEMONIC (MASTERCODEMNEMONIC,MASTERCODEDESC,VOIDFLG,INSERTEDDT,INSERTEDBY,UPDATEDDT,UPDATEDBY,MASTERGROUPCD) values ('INCGOALTYPE_COMP','Completion','IN',to_timestamp('27-OCT-14 03.59.30.549407000 PM','DD-MON-RR HH.MI.SSXFF AM'),'sram',to_timestamp('27-OCT-14 03.59.30.549407000 PM','DD-MON-RR HH.MI.SSXFF AM'),'sram','INCGOALTYPE');
Insert into INCV.MASTERMNEMONIC (MASTERCODEMNEMONIC,MASTERCODEDESC,VOIDFLG,INSERTEDDT,INSERTEDBY,UPDATEDDT,UPDATEDBY,MASTERGROUPCD) values ('INCGOALCAT_PGM','Program','IN',to_timestamp('27-OCT-14 03.59.30.603914000 PM','DD-MON-RR HH.MI.SSXFF AM'),'sram',to_timestamp('27-OCT-14 03.59.30.603914000 PM','DD-MON-RR HH.MI.SSXFF AM'),'sram','INCGOALCAT');
Insert into INCV.MASTERMNEMONIC (MASTERCODEMNEMONIC,MASTERCODEDESC,VOIDFLG,INSERTEDDT,INSERTEDBY,UPDATEDDT,UPDATEDBY,MASTERGROUPCD) values ('INCGOALCAT_RWD','Reward','IN',to_timestamp('27-OCT-14 03.59.30.632987000 PM','DD-MON-RR HH.MI.SSXFF AM'),'sram',to_timestamp('27-OCT-14 03.59.30.632987000 PM','DD-MON-RR HH.MI.SSXFF AM'),'sram','INCGOALCAT');
Insert into INCV.MASTERMNEMONIC (MASTERCODEMNEMONIC,MASTERCODEDESC,VOIDFLG,INSERTEDDT,INSERTEDBY,UPDATEDDT,UPDATEDBY,MASTERGROUPCD) values ('INCGOALCAT_ACT','Activity','IN',to_timestamp('27-OCT-14 03.59.30.660998000 PM','DD-MON-RR HH.MI.SSXFF AM'),'sram',to_timestamp('27-OCT-14 03.59.30.660998000 PM','DD-MON-RR HH.MI.SSXFF AM'),'sram','INCGOALCAT');
Insert into INCV.MASTERMNEMONIC (MASTERCODEMNEMONIC,MASTERCODEDESC,VOIDFLG,INSERTEDDT,INSERTEDBY,UPDATEDDT,UPDATEDBY,MASTERGROUPCD) values ('INCGOALCAT_GRP','Activity Group','IN',to_timestamp('27-OCT-14 03.59.30.689728000 PM','DD-MON-RR HH.MI.SSXFF AM'),'sram',to_timestamp('27-OCT-14 03.59.30.689728000 PM','DD-MON-RR HH.MI.SSXFF AM'),'sram','INCGOALCAT');
Insert into INCV.MASTERMNEMONIC (MASTERCODEMNEMONIC,MASTERCODEDESC,VOIDFLG,INSERTEDDT,INSERTEDBY,UPDATEDDT,UPDATEDBY,MASTERGROUPCD) values ('ATTRDATTYP_DT','Date','IN',to_timestamp('27-OCT-14 03.59.30.751560000 PM','DD-MON-RR HH.MI.SSXFF AM'),'sram',to_timestamp('27-OCT-14 03.59.30.751560000 PM','DD-MON-RR HH.MI.SSXFF AM'),'sram','ATTRDATTYP');
Insert into INCV.MASTERMNEMONIC (MASTERCODEMNEMONIC,MASTERCODEDESC,VOIDFLG,INSERTEDDT,INSERTEDBY,UPDATEDDT,UPDATEDBY,MASTERGROUPCD) values ('ATTRDATTYP_STR','String','IN',to_timestamp('27-OCT-14 03.59.30.780322000 PM','DD-MON-RR HH.MI.SSXFF AM'),'sram',to_timestamp('27-OCT-14 03.59.30.780322000 PM','DD-MON-RR HH.MI.SSXFF AM'),'sram','ATTRDATTYP');
Insert into INCV.MASTERMNEMONIC (MASTERCODEMNEMONIC,MASTERCODEDESC,VOIDFLG,INSERTEDDT,INSERTEDBY,UPDATEDDT,UPDATEDBY,MASTERGROUPCD) values ('ATTRDATTYP_NBR','Number','IN',to_timestamp('27-OCT-14 03.59.30.808621000 PM','DD-MON-RR HH.MI.SSXFF AM'),'sram',to_timestamp('27-OCT-14 03.59.30.808621000 PM','DD-MON-RR HH.MI.SSXFF AM'),'sram','ATTRDATTYP');
Insert into INCV.MASTERMNEMONIC (MASTERCODEMNEMONIC,MASTERCODEDESC,VOIDFLG,INSERTEDDT,INSERTEDBY,UPDATEDDT,UPDATEDBY,MASTERGROUPCD) values ('FREQ_DAILY','Every Day','IN',to_timestamp('27-OCT-14 03.59.30.867422000 PM','DD-MON-RR HH.MI.SSXFF AM'),'sram',to_timestamp('27-OCT-14 03.59.30.867422000 PM','DD-MON-RR HH.MI.SSXFF AM'),'sram','FREQ');
Insert into INCV.MASTERMNEMONIC (MASTERCODEMNEMONIC,MASTERCODEDESC,VOIDFLG,INSERTEDDT,INSERTEDBY,UPDATEDDT,UPDATEDBY,MASTERGROUPCD) values ('FREQ_WKLY','Weekly','IN',to_timestamp('27-OCT-14 03.59.30.897868000 PM','DD-MON-RR HH.MI.SSXFF AM'),'sram',to_timestamp('27-OCT-14 03.59.30.897868000 PM','DD-MON-RR HH.MI.SSXFF AM'),'sram','FREQ');
Insert into INCV.MASTERMNEMONIC (MASTERCODEMNEMONIC,MASTERCODEDESC,VOIDFLG,INSERTEDDT,INSERTEDBY,UPDATEDDT,UPDATEDBY,MASTERGROUPCD) values ('FREQ_MONTH','Every Month','IN',to_timestamp('27-OCT-14 03.59.30.929156000 PM','DD-MON-RR HH.MI.SSXFF AM'),'sram',to_timestamp('27-OCT-14 03.59.30.929156000 PM','DD-MON-RR HH.MI.SSXFF AM'),'sram','FREQ');
Insert into INCV.MASTERMNEMONIC (MASTERCODEMNEMONIC,MASTERCODEDESC,VOIDFLG,INSERTEDDT,INSERTEDBY,UPDATEDDT,UPDATEDBY,MASTERGROUPCD) values ('FREQ_QTR','Quarterly','IN',to_timestamp('27-OCT-14 03.59.30.958669000 PM','DD-MON-RR HH.MI.SSXFF AM'),'sram',to_timestamp('27-OCT-14 03.59.30.958669000 PM','DD-MON-RR HH.MI.SSXFF AM'),'sram','FREQ');
Insert into INCV.MASTERMNEMONIC (MASTERCODEMNEMONIC,MASTERCODEDESC,VOIDFLG,INSERTEDDT,INSERTEDBY,UPDATEDDT,UPDATEDBY,MASTERGROUPCD) values ('FREQ_ANNUAL','Annualy','IN',to_timestamp('27-OCT-14 03.59.30.989613000 PM','DD-MON-RR HH.MI.SSXFF AM'),'sram',to_timestamp('27-OCT-14 03.59.30.989613000 PM','DD-MON-RR HH.MI.SSXFF AM'),'sram','FREQ');
Insert into INCV.MASTERMNEMONIC (MASTERCODEMNEMONIC,MASTERCODEDESC,VOIDFLG,INSERTEDDT,INSERTEDBY,UPDATEDDT,UPDATEDBY,MASTERGROUPCD) values ('LANGCODE_EN','English','IN',to_timestamp('27-OCT-14 03.59.31.299489000 PM','DD-MON-RR HH.MI.SSXFF AM'),'skgr',to_timestamp('27-OCT-14 03.59.31.299489000 PM','DD-MON-RR HH.MI.SSXFF AM'),'skgr','LANGCODE');
Insert into INCV.MASTERMNEMONIC (MASTERCODEMNEMONIC,MASTERCODEDESC,VOIDFLG,INSERTEDDT,INSERTEDBY,UPDATEDDT,UPDATEDBY,MASTERGROUPCD) values ('LANGCODE_ES','Spanish','IN',to_timestamp('27-OCT-14 03.59.31.328428000 PM','DD-MON-RR HH.MI.SSXFF AM'),'skgr',to_timestamp('27-OCT-14 03.59.31.328428000 PM','DD-MON-RR HH.MI.SSXFF AM'),'skgr','LANGCODE');
Insert into INCV.MASTERMNEMONIC (MASTERCODEMNEMONIC,MASTERCODEDESC,VOIDFLG,INSERTEDDT,INSERTEDBY,UPDATEDDT,UPDATEDBY,MASTERGROUPCD) values ('ACTSTAT_NO_DATE_FOUND','No Date Found','IN',to_timestamp('27-OCT-14 03.59.31.359498000 PM','DD-MON-RR HH.MI.SSXFF AM'),'xsu',to_timestamp('27-OCT-14 03.59.31.359498000 PM','DD-MON-RR HH.MI.SSXFF AM'),'xsu','ACTSTAT');
Insert into INCV.MASTERMNEMONIC (MASTERCODEMNEMONIC,MASTERCODEDESC,VOIDFLG,INSERTEDDT,INSERTEDBY,UPDATEDDT,UPDATEDBY,MASTERGROUPCD) values ('ACTSTAT_UNKNOWN','Unknown','IN',to_timestamp('27-OCT-14 03.59.31.387808000 PM','DD-MON-RR HH.MI.SSXFF AM'),'xsu',to_timestamp('27-OCT-14 03.59.31.387808000 PM','DD-MON-RR HH.MI.SSXFF AM'),'xsu','ACTSTAT');
Insert into INCV.MASTERMNEMONIC (MASTERCODEMNEMONIC,MASTERCODEDESC,VOIDFLG,INSERTEDDT,INSERTEDBY,UPDATEDDT,UPDATEDBY,MASTERGROUPCD) values ('ACTSTAT_NOT_REQUIRED','Not Required','IN',to_timestamp('27-OCT-14 03.59.31.415566000 PM','DD-MON-RR HH.MI.SSXFF AM'),'mmullackal',to_timestamp('27-OCT-14 03.59.31.415566000 PM','DD-MON-RR HH.MI.SSXFF AM'),'mmullackal','ACTSTAT');
Insert into INCV.MASTERMNEMONIC (MASTERCODEMNEMONIC,MASTERCODEDESC,VOIDFLG,INSERTEDDT,INSERTEDBY,UPDATEDDT,UPDATEDBY,MASTERGROUPCD) values ('EC_DM','Disease Management','IN',to_timestamp('27-OCT-14 03.59.31.470706000 PM','DD-MON-RR HH.MI.SSXFF AM'),'test',to_timestamp('27-OCT-14 03.59.31.470706000 PM','DD-MON-RR HH.MI.SSXFF AM'),'test','EC');
Insert into INCV.MASTERMNEMONIC (MASTERCODEMNEMONIC,MASTERCODEDESC,VOIDFLG,INSERTEDDT,INSERTEDBY,UPDATEDDT,UPDATEDBY,MASTERGROUPCD) values ('EC_RISK','Risk Level','IN',to_timestamp('27-OCT-14 03.59.31.500171000 PM','DD-MON-RR HH.MI.SSXFF AM'),'test',to_timestamp('27-OCT-14 03.59.31.500171000 PM','DD-MON-RR HH.MI.SSXFF AM'),'test','EC');
Insert into INCV.MASTERMNEMONIC (MASTERCODEMNEMONIC,MASTERCODEDESC,VOIDFLG,INSERTEDDT,INSERTEDBY,UPDATEDDT,UPDATEDBY,MASTERGROUPCD) values ('ACTTYPE_WELL_2','WELL 2','IN',to_timestamp('27-JAN-15 08.05.22.305374000 AM','DD-MON-RR HH.MI.SSXFF AM'),'test',to_timestamp('27-JAN-15 08.05.22.305374000 AM','DD-MON-RR HH.MI.SSXFF AM'),'test','ACTTYPE');
Insert into INCV.MASTERMNEMONIC (MASTERCODEMNEMONIC,MASTERCODEDESC,VOIDFLG,INSERTEDDT,INSERTEDBY,UPDATEDDT,UPDATEDBY,MASTERGROUPCD) values ('ACTTYPE_WELL_3','WELL 3','IN',to_timestamp('27-JAN-15 08.05.22.578967000 AM','DD-MON-RR HH.MI.SSXFF AM'),'test',to_timestamp('27-JAN-15 08.05.22.578967000 AM','DD-MON-RR HH.MI.SSXFF AM'),'test','ACTTYPE');
Insert into INCV.MASTERMNEMONIC (MASTERCODEMNEMONIC,MASTERCODEDESC,VOIDFLG,INSERTEDDT,INSERTEDBY,UPDATEDDT,UPDATEDBY,MASTERGROUPCD) values ('ACTTYPE_WELL_4','WELL 4','IN',to_timestamp('27-JAN-15 08.05.22.851854000 AM','DD-MON-RR HH.MI.SSXFF AM'),'test',to_timestamp('27-JAN-15 08.05.22.851854000 AM','DD-MON-RR HH.MI.SSXFF AM'),'test','ACTTYPE');
Insert into INCV.MASTERMNEMONIC (MASTERCODEMNEMONIC,MASTERCODEDESC,VOIDFLG,INSERTEDDT,INSERTEDBY,UPDATEDDT,UPDATEDBY,MASTERGROUPCD) values ('ACTTYPE_URINALYSIS_LAB','Urinalysis activity','IN',to_timestamp('11-AUG-15 03.24.32.628103000 AM','DD-MON-RR HH.MI.SSXFF AM'),'test',to_timestamp('11-AUG-15 03.24.32.628103000 AM','DD-MON-RR HH.MI.SSXFF AM'),'test','ACTTYPE');
Insert into INCV.MASTERMNEMONIC (MASTERCODEMNEMONIC,MASTERCODEDESC,VOIDFLG,INSERTEDDT,INSERTEDBY,UPDATEDDT,UPDATEDBY,MASTERGROUPCD) values ('ACTTYPE_PREV_PARTCPN_HLTHCHK_PROG','PREV PARTCPN HLTHCHK PROG','IN',to_timestamp('28-JAN-15 10.01.33.128147000 AM','DD-MON-RR HH.MI.SSXFF AM'),'test',to_timestamp('28-JAN-15 10.01.33.128147000 AM','DD-MON-RR HH.MI.SSXFF AM'),'test','ACTTYPE');
Insert into INCV.MASTERMNEMONIC (MASTERCODEMNEMONIC,MASTERCODEDESC,VOIDFLG,INSERTEDDT,INSERTEDBY,UPDATEDDT,UPDATEDBY,MASTERGROUPCD) values ('ACTTYPE_SPONSORED_EVENT','SPONSORED EVENT','IN',to_timestamp('17-MAR-15 12.08.24.662508000 PM','DD-MON-RR HH.MI.SSXFF AM'),'test',to_timestamp('17-MAR-15 12.08.24.662508000 PM','DD-MON-RR HH.MI.SSXFF AM'),'test','ACTTYPE');
Insert into INCV.MASTERMNEMONIC (MASTERCODEMNEMONIC,MASTERCODEDESC,VOIDFLG,INSERTEDDT,INSERTEDBY,UPDATEDDT,UPDATEDBY,MASTERGROUPCD) values ('ACTTYPE_PATK_CI','PATK CI','IN',to_timestamp('24-MAR-15 08.00.35.909102000 AM','DD-MON-RR HH.MI.SSXFF AM'),'test',to_timestamp('24-MAR-15 08.00.35.909102000 AM','DD-MON-RR HH.MI.SSXFF AM'),'test','ACTTYPE');
Insert into INCV.MASTERMNEMONIC (MASTERCODEMNEMONIC,MASTERCODEDESC,VOIDFLG,INSERTEDDT,INSERTEDBY,UPDATEDDT,UPDATEDBY,MASTERGROUPCD) values ('ACTTYPE_DEVICE_CONNECTION','DEVICE CONNECTION','IN',to_timestamp('21-MAY-15 12.25.29.175459000 PM','DD-MON-RR HH.MI.SSXFF AM'),'test',to_timestamp('21-MAY-15 12.25.29.175459000 PM','DD-MON-RR HH.MI.SSXFF AM'),'test','ACTTYPE');
Insert into INCV.MASTERMNEMONIC (MASTERCODEMNEMONIC,MASTERCODEDESC,VOIDFLG,INSERTEDDT,INSERTEDBY,UPDATEDDT,UPDATEDBY,MASTERGROUPCD) values ('ACTTYPE_HEIGHT_COMP','Biometric Screening for Height','IN',to_timestamp('21-MAY-15 12.25.31.612631000 PM','DD-MON-RR HH.MI.SSXFF AM'),'test',to_timestamp('21-MAY-15 12.25.31.612631000 PM','DD-MON-RR HH.MI.SSXFF AM'),'test','ACTTYPE');
Insert into INCV.MASTERMNEMONIC (MASTERCODEMNEMONIC,MASTERCODEDESC,VOIDFLG,INSERTEDDT,INSERTEDBY,UPDATEDDT,UPDATEDBY,MASTERGROUPCD) values ('ACTTYPE_WEIGHT_COMP','Biometric Screening for Weight','IN',to_timestamp('21-MAY-15 12.25.33.237101000 PM','DD-MON-RR HH.MI.SSXFF AM'),'test',to_timestamp('21-MAY-15 12.25.33.237101000 PM','DD-MON-RR HH.MI.SSXFF AM'),'test','ACTTYPE');
Insert into INCV.MASTERMNEMONIC (MASTERCODEMNEMONIC,MASTERCODEDESC,VOIDFLG,INSERTEDDT,INSERTEDBY,UPDATEDDT,UPDATEDBY,MASTERGROUPCD) values ('ACTTYPE_CBC_LAB','Complete Blood Count','IN',to_timestamp('11-AUG-15 03.24.34.754520000 AM','DD-MON-RR HH.MI.SSXFF AM'),'test',to_timestamp('11-AUG-15 03.24.34.754520000 AM','DD-MON-RR HH.MI.SSXFF AM'),'test','ACTTYPE');
Insert into INCV.MASTERMNEMONIC (MASTERCODEMNEMONIC,MASTERCODEDESC,VOIDFLG,INSERTEDDT,INSERTEDBY,UPDATEDDT,UPDATEDBY,MASTERGROUPCD) values ('ACTTYPE_TC_CDHP_NC','CDHP Nurse Call NCSHP','IN',to_timestamp('28-OCT-15 05.49.41.737437000 AM','DD-MON-RR HH.MI.SSXFF AM'),'incv',to_timestamp('28-OCT-15 05.49.41.737437000 AM','DD-MON-RR HH.MI.SSXFF AM'),'incv','ACTTYPE');
Insert into INCV.MASTERMNEMONIC (MASTERCODEMNEMONIC,MASTERCODEDESC,VOIDFLG,INSERTEDDT,INSERTEDBY,UPDATEDDT,UPDATEDBY,MASTERGROUPCD) values ('EC_QUESTION_ANSWER','Configurable eligibility based on the presense of a question and answer pair','IN',to_timestamp('18-APR-16 03.33.00.321563000 AM','DD-MON-RR HH.MI.SSXFF AM'),'incv',to_timestamp('18-APR-16 03.33.00.321563000 AM','DD-MON-RR HH.MI.SSXFF AM'),'incv','EC');
Insert into INCV.MASTERMNEMONIC (MASTERCODEMNEMONIC,MASTERCODEDESC,VOIDFLG,INSERTEDDT,INSERTEDBY,UPDATEDDT,UPDATEDBY,MASTERGROUPCD) values ('ACTTYPE_BIOMETRIC_COMPLETION_UBS','UBS Combined Biometric Completion Rule','IN',to_timestamp('28-APR-16 08.24.16.401612000 AM','DD-MON-RR HH.MI.SSXFF AM'),'incv',to_timestamp('28-APR-16 08.24.16.401612000 AM','DD-MON-RR HH.MI.SSXFF AM'),'incv','ACTTYPE');
Insert into INCV.MASTERMNEMONIC (MASTERCODEMNEMONIC,MASTERCODEDESC,VOIDFLG,INSERTEDDT,INSERTEDBY,UPDATEDDT,UPDATEDBY,MASTERGROUPCD) values ('ACTTYPE_LC_EPMDM_NOOS','Lifestyle, EPM/DM coaching calls excluding on-site visit sessions','IN',to_timestamp('30-AUG-16 10.55.56.947315000 AM','DD-MON-RR HH.MI.SSXFF AM'),'incv',to_timestamp('30-AUG-16 10.55.56.947315000 AM','DD-MON-RR HH.MI.SSXFF AM'),'incv','ACTTYPE');
Insert into INCV.MASTERMNEMONIC (MASTERCODEMNEMONIC,MASTERCODEDESC,VOIDFLG,INSERTEDDT,INSERTEDBY,UPDATEDDT,UPDATEDBY,MASTERGROUPCD) values ('ACTTYPE_LC_DM_ONSITE','EPM/DM on-site visit sessions excluding calls','IN',to_timestamp('30-AUG-16 10.55.57.196090000 AM','DD-MON-RR HH.MI.SSXFF AM'),'incv',to_timestamp('30-AUG-16 10.55.57.196090000 AM','DD-MON-RR HH.MI.SSXFF AM'),'incv','ACTTYPE');
Insert into INCV.MASTERMNEMONIC (MASTERCODEMNEMONIC,MASTERCODEDESC,VOIDFLG,INSERTEDDT,INSERTEDBY,UPDATEDDT,UPDATEDBY,MASTERGROUPCD) values ('ACTTYPE_EPMDM_NOOS','EPM/DM coaching calls excluding on-site visit sessions','IN',to_timestamp('30-AUG-16 10.55.57.200785000 AM','DD-MON-RR HH.MI.SSXFF AM'),'incv',to_timestamp('30-AUG-16 10.55.57.200785000 AM','DD-MON-RR HH.MI.SSXFF AM'),'incv','ACTTYPE');
Insert into INCV.MASTERMNEMONIC (MASTERCODEMNEMONIC,MASTERCODEDESC,VOIDFLG,INSERTEDDT,INSERTEDBY,UPDATEDDT,UPDATEDBY,MASTERGROUPCD) values ('ACTTYPE_SUTN_CONFIG','Shape Up the Nation American Adventure activity rule','IN',to_timestamp('19-OCT-16 03.46.07.958798000 AM','DD-MON-RR HH.MI.SSXFF AM'),'incv',to_timestamp('19-OCT-16 03.46.07.958798000 AM','DD-MON-RR HH.MI.SSXFF AM'),'incv','ACTTYPE');
Insert into INCV.MASTERMNEMONIC (MASTERCODEMNEMONIC,MASTERCODEDESC,VOIDFLG,INSERTEDDT,INSERTEDBY,UPDATEDDT,UPDATEDBY,MASTERGROUPCD) values ('ACTTYPE_GROUP_COACHING_CONF','Activity Type','IN',to_timestamp('07-NOV-16 07.27.28.770681000 AM','DD-MON-RR HH.MI.SSXFF AM'),'incv',to_timestamp('07-NOV-16 07.27.28.770681000 AM','DD-MON-RR HH.MI.SSXFF AM'),'incv','ACTTYPE');
Insert into INCV.MASTERMNEMONIC (MASTERCODEMNEMONIC,MASTERCODEDESC,VOIDFLG,INSERTEDDT,INSERTEDBY,UPDATEDDT,UPDATEDBY,MASTERGROUPCD) values ('ACTTYPE_TC_ONSITE','Activity Type','IN',to_timestamp('01-FEB-17 07.50.45.227520000 AM','DD-MON-RR HH.MI.SSXFF AM'),'incv',to_timestamp('01-FEB-17 07.50.45.227520000 AM','DD-MON-RR HH.MI.SSXFF AM'),'incv','ACTTYPE');
Insert into INCV.MASTERMNEMONIC (MASTERCODEMNEMONIC,MASTERCODEDESC,VOIDFLG,INSERTEDDT,INSERTEDBY,UPDATEDDT,UPDATEDBY,MASTERGROUPCD) values ('ACTTYPE_MEMBER_EVENTS','MEMBER EVENTS','IN',to_timestamp('16-AUG-17 08.16.31.000000000 AM','DD-MON-RR HH.MI.SSXFF AM'),'INCV',to_timestamp('16-AUG-17 08.16.31.000000000 AM','DD-MON-RR HH.MI.SSXFF AM'),'INCV','ACTTYPE');
Insert into INCV.MASTERMNEMONIC (MASTERCODEMNEMONIC,MASTERCODEDESC,VOIDFLG,INSERTEDDT,INSERTEDBY,UPDATEDDT,UPDATEDBY,MASTERGROUPCD) values ('ACTTYPE_PREV_SCREEN_CONFIG','preventative screening configuration','IN',to_timestamp('10-OCT-17 10.22.19.000000000 AM','DD-MON-RR HH.MI.SSXFF AM'),'INCV',to_timestamp('10-OCT-17 10.22.19.000000000 AM','DD-MON-RR HH.MI.SSXFF AM'),'INCV','ACTTYPE');
Insert into INCV.MASTERMNEMONIC (MASTERCODEMNEMONIC,MASTERCODEDESC,VOIDFLG,INSERTEDDT,INSERTEDBY,UPDATEDDT,UPDATEDBY,MASTERGROUPCD) values ('PARTTYPE_C','Childen','IN',to_timestamp('27-OCT-14 03.59.31.129235000 PM','DD-MON-RR HH.MI.SSXFF AM'),'sram',to_timestamp('27-OCT-14 03.59.31.129235000 PM','DD-MON-RR HH.MI.SSXFF AM'),'sram','PARTTYPE');
Insert into INCV.MASTERMNEMONIC (MASTERCODEMNEMONIC,MASTERCODEDESC,VOIDFLG,INSERTEDDT,INSERTEDBY,UPDATEDDT,UPDATEDBY,MASTERGROUPCD) values ('RELTYPE_PARENT','Parent Child Activity','IN',to_timestamp('27-OCT-14 03.59.31.184762000 PM','DD-MON-RR HH.MI.SSXFF AM'),'sram',to_timestamp('27-OCT-14 03.59.31.184762000 PM','DD-MON-RR HH.MI.SSXFF AM'),'sram','RELTYPE');
Insert into INCV.MASTERMNEMONIC (MASTERCODEMNEMONIC,MASTERCODEDESC,VOIDFLG,INSERTEDDT,INSERTEDBY,UPDATEDDT,UPDATEDBY,MASTERGROUPCD) values ('RELTYPE_REP','Replacement Activity','IN',to_timestamp('27-OCT-14 03.59.31.214839000 PM','DD-MON-RR HH.MI.SSXFF AM'),'sram',to_timestamp('27-OCT-14 03.59.31.214839000 PM','DD-MON-RR HH.MI.SSXFF AM'),'sram','RELTYPE');
Insert into INCV.MASTERMNEMONIC (MASTERCODEMNEMONIC,MASTERCODEDESC,VOIDFLG,INSERTEDDT,INSERTEDBY,UPDATEDDT,UPDATEDBY,MASTERGROUPCD) values ('RELTYPE_ALTERNATIVE','Alternative Activity','IN',to_timestamp('27-OCT-14 03.59.31.243238000 PM','DD-MON-RR HH.MI.SSXFF AM'),'test',to_timestamp('27-OCT-14 03.59.31.243238000 PM','DD-MON-RR HH.MI.SSXFF AM'),'test','RELTYPE');
Insert into INCV.MASTERMNEMONIC (MASTERCODEMNEMONIC,MASTERCODEDESC,VOIDFLG,INSERTEDDT,INSERTEDBY,UPDATEDDT,UPDATEDBY,MASTERGROUPCD) values ('EC_RISK_LOW','Risk low','IN',to_timestamp('24-DEC-14 05.51.02.850103000 PM','DD-MON-RR HH.MI.SSXFF AM'),'test',to_timestamp('24-DEC-14 05.51.02.850103000 PM','DD-MON-RR HH.MI.SSXFF AM'),'test','EC');
Insert into INCV.MASTERMNEMONIC (MASTERCODEMNEMONIC,MASTERCODEDESC,VOIDFLG,INSERTEDDT,INSERTEDBY,UPDATEDDT,UPDATEDBY,MASTERGROUPCD) values ('EC_RISK_MEDIUM','Risk medium','IN',to_timestamp('24-DEC-14 05.51.02.901589000 PM','DD-MON-RR HH.MI.SSXFF AM'),'test',to_timestamp('24-DEC-14 05.51.02.901589000 PM','DD-MON-RR HH.MI.SSXFF AM'),'test','EC');
Insert into INCV.MASTERMNEMONIC (MASTERCODEMNEMONIC,MASTERCODEDESC,VOIDFLG,INSERTEDDT,INSERTEDBY,UPDATEDDT,UPDATEDBY,MASTERGROUPCD) values ('EC_RISK_HIGH','Risk high','IN',to_timestamp('24-DEC-14 05.51.02.932296000 PM','DD-MON-RR HH.MI.SSXFF AM'),'test',to_timestamp('24-DEC-14 05.51.02.932296000 PM','DD-MON-RR HH.MI.SSXFF AM'),'test','EC');
Insert into INCV.MASTERMNEMONIC (MASTERCODEMNEMONIC,MASTERCODEDESC,VOIDFLG,INSERTEDDT,INSERTEDBY,UPDATEDDT,UPDATEDBY,MASTERGROUPCD) values ('ACTTYPE_SUTN_RSG','SUTN RSG','IN',to_timestamp('07-JAN-15 12.20.00.182766000 PM','DD-MON-RR HH.MI.SSXFF AM'),'test',to_timestamp('07-JAN-15 12.20.00.182766000 PM','DD-MON-RR HH.MI.SSXFF AM'),'test','ACTTYPE');
Insert into INCV.MASTERMNEMONIC (MASTERCODEMNEMONIC,MASTERCODEDESC,VOIDFLG,INSERTEDDT,INSERTEDBY,UPDATEDDT,UPDATEDBY,MASTERGROUPCD) values ('ACTTYPE_SUTN_CHALLENGE','SUTN CHALLENGE','IN',to_timestamp('07-JAN-15 12.32.01.023595000 PM','DD-MON-RR HH.MI.SSXFF AM'),'test',to_timestamp('07-JAN-15 12.32.01.023595000 PM','DD-MON-RR HH.MI.SSXFF AM'),'test','ACTTYPE');
Insert into INCV.MASTERMNEMONIC (MASTERCODEMNEMONIC,MASTERCODEDESC,VOIDFLG,INSERTEDDT,INSERTEDBY,UPDATEDDT,UPDATEDBY,MASTERGROUPCD) values ('ACTTYPE_PARENT','PARENT','IN',to_timestamp('06-NOV-14 12.37.02.231117000 PM','DD-MON-RR HH.MI.SSXFF AM'),'sram',to_timestamp('06-NOV-14 12.37.02.231117000 PM','DD-MON-RR HH.MI.SSXFF AM'),'sram','ACTTYPE');
Insert into INCV.MASTERMNEMONIC (MASTERCODEMNEMONIC,MASTERCODEDESC,VOIDFLG,INSERTEDDT,INSERTEDBY,UPDATEDDT,UPDATEDBY,MASTERGROUPCD) values ('ACTTYPE_ANNUAL_EYE_COMP','ANNUAL EYE COMP','IN',to_timestamp('30-JAN-15 04.13.35.372045000 AM','DD-MON-RR HH.MI.SSXFF AM'),'test',to_timestamp('30-JAN-15 04.13.35.372045000 AM','DD-MON-RR HH.MI.SSXFF AM'),'test','ACTTYPE');
Insert into INCV.MASTERMNEMONIC (MASTERCODEMNEMONIC,MASTERCODEDESC,VOIDFLG,INSERTEDDT,INSERTEDBY,UPDATEDDT,UPDATEDBY,MASTERGROUPCD) values ('ACTTYPE_GENERIC_QUES_ANS','GENERIC QUES ANS','IN',to_timestamp('03-APR-15 10.33.21.945558000 AM','DD-MON-RR HH.MI.SSXFF AM'),'test',to_timestamp('03-APR-15 10.33.21.945558000 AM','DD-MON-RR HH.MI.SSXFF AM'),'test','ACTTYPE');
Insert into INCV.MASTERMNEMONIC (MASTERCODEMNEMONIC,MASTERCODEDESC,VOIDFLG,INSERTEDDT,INSERTEDBY,UPDATEDDT,UPDATEDBY,MASTERGROUPCD) values ('ACTTYPE_PREVENTIVESCREENING_ALL','PREVENTIVE SCREENING ALL','IN',to_timestamp('22-JUN-15 06.32.01.916436000 AM','DD-MON-RR HH.MI.SSXFF AM'),'test',to_timestamp('22-JUN-15 06.32.01.916436000 AM','DD-MON-RR HH.MI.SSXFF AM'),'test','ACTTYPE');
Insert into INCV.MASTERMNEMONIC (MASTERCODEMNEMONIC,MASTERCODEDESC,VOIDFLG,INSERTEDDT,INSERTEDBY,UPDATEDDT,UPDATEDBY,MASTERGROUPCD) values ('ACTTYPE_TC_DM_AHLC','Telephonic coaching - DM and AHLC','IN',to_timestamp('22-JUN-15 06.33.15.635128000 AM','DD-MON-RR HH.MI.SSXFF AM'),'test',to_timestamp('22-JUN-15 06.33.15.635128000 AM','DD-MON-RR HH.MI.SSXFF AM'),'test','ACTTYPE');
Insert into INCV.MASTERMNEMONIC (MASTERCODEMNEMONIC,MASTERCODEDESC,VOIDFLG,INSERTEDDT,INSERTEDBY,UPDATEDDT,UPDATEDBY,MASTERGROUPCD) values ('ACTTYPE_TC_DM_CM','DM/CM/EPM calls','IN',to_timestamp('22-JUN-15 06.33.22.161908000 AM','DD-MON-RR HH.MI.SSXFF AM'),'test',to_timestamp('22-JUN-15 06.33.22.161908000 AM','DD-MON-RR HH.MI.SSXFF AM'),'test','ACTTYPE');
Insert into INCV.MASTERMNEMONIC (MASTERCODEMNEMONIC,MASTERCODEDESC,VOIDFLG,INSERTEDDT,INSERTEDBY,UPDATEDDT,UPDATEDBY,MASTERGROUPCD) values ('ACTTYPE_TC_MATE_ANY','Maternity Coaching (Any)','IN',to_timestamp('22-JUN-15 07.15.46.780970000 AM','DD-MON-RR HH.MI.SSXFF AM'),'test',to_timestamp('22-JUN-15 07.15.46.780970000 AM','DD-MON-RR HH.MI.SSXFF AM'),'test','ACTTYPE');
Insert into INCV.MASTERMNEMONIC (MASTERCODEMNEMONIC,MASTERCODEDESC,VOIDFLG,INSERTEDDT,INSERTEDBY,UPDATEDDT,UPDATEDBY,MASTERGROUPCD) values ('ACTTYPE_COMBINED_DENTAL_EXAM','COMBINED DENTAL EXAM','IN',to_timestamp('22-JUN-15 08.31.38.573963000 AM','DD-MON-RR HH.MI.SSXFF AM'),'test',to_timestamp('22-JUN-15 08.31.38.573963000 AM','DD-MON-RR HH.MI.SSXFF AM'),'test','ACTTYPE');
Insert into INCV.MASTERMNEMONIC (MASTERCODEMNEMONIC,MASTERCODEDESC,VOIDFLG,INSERTEDDT,INSERTEDBY,UPDATEDDT,UPDATEDBY,MASTERGROUPCD) values ('ACTTYPE_HBA1C_CLAIM','HBA1C CLAIM','IN',to_timestamp('30-JUN-15 08.10.40.455937000 AM','DD-MON-RR HH.MI.SSXFF AM'),'test',to_timestamp('30-JUN-15 08.10.40.455937000 AM','DD-MON-RR HH.MI.SSXFF AM'),'test','ACTTYPE');
Insert into INCV.MASTERMNEMONIC (MASTERCODEMNEMONIC,MASTERCODEDESC,VOIDFLG,INSERTEDDT,INSERTEDBY,UPDATEDDT,UPDATEDBY,MASTERGROUPCD) values ('ACTTYPE_LIPIDPANEL_LAB','Lipid Panel activity','IN',to_timestamp('05-AUG-15 07.19.00.350124000 AM','DD-MON-RR HH.MI.SSXFF AM'),'test',to_timestamp('05-AUG-15 07.19.00.350124000 AM','DD-MON-RR HH.MI.SSXFF AM'),'test','ACTTYPE');
Insert into INCV.MASTERMNEMONIC (MASTERCODEMNEMONIC,MASTERCODEDESC,VOIDFLG,INSERTEDDT,INSERTEDBY,UPDATEDDT,UPDATEDBY,MASTERGROUPCD) values ('ACTTYPE_PATK3_CI','ACTTYPE_PATK3_CI','IN',to_timestamp('30-OCT-15 07.59.37.626226000 AM','DD-MON-RR HH.MI.SSXFF AM'),'test',to_timestamp('30-OCT-15 07.59.37.626226000 AM','DD-MON-RR HH.MI.SSXFF AM'),'test','ACTTYPE');
Insert into INCV.MASTERMNEMONIC (MASTERCODEMNEMONIC,MASTERCODEDESC,VOIDFLG,INSERTEDDT,INSERTEDBY,UPDATEDDT,UPDATEDBY,MASTERGROUPCD) values ('ACTTYPE_LCNOTC_TELP','Lifestyle Coaching Rule (without Tobacco Cessation coaching)','IN',to_timestamp('29-DEC-15 07.52.30.633965000 AM','DD-MON-RR HH.MI.SSXFF AM'),'incv',to_timestamp('29-DEC-15 07.52.30.633965000 AM','DD-MON-RR HH.MI.SSXFF AM'),'incv','ACTTYPE');
Insert into INCV.MASTERMNEMONIC (MASTERCODEMNEMONIC,MASTERCODEDESC,VOIDFLG,INSERTEDDT,INSERTEDBY,UPDATEDDT,UPDATEDBY,MASTERGROUPCD) values ('EC_COND_CONFIG','Eligibility - Condition marker configuraion','IN',to_timestamp('29-JAN-16 04.53.40.843993000 AM','DD-MON-RR HH.MI.SSXFF AM'),'incv',to_timestamp('29-JAN-16 04.53.40.843993000 AM','DD-MON-RR HH.MI.SSXFF AM'),'incv','EC');
Insert into INCV.MASTERMNEMONIC (MASTERCODEMNEMONIC,MASTERCODEDESC,VOIDFLG,INSERTEDDT,INSERTEDBY,UPDATEDDT,UPDATEDBY,MASTERGROUPCD) values ('ACTTYPE_FASTBG_IMPRV_W_UE','FASTBG IMPROV W UE','IN',to_timestamp('29-JAN-16 11.22.53.786361000 AM','DD-MON-RR HH.MI.SSXFF AM'),'test',to_timestamp('29-JAN-16 11.22.53.786361000 AM','DD-MON-RR HH.MI.SSXFF AM'),'test','EC');
Insert into INCV.MASTERMNEMONIC (MASTERCODEMNEMONIC,MASTERCODEDESC,VOIDFLG,INSERTEDDT,INSERTEDBY,UPDATEDDT,UPDATEDBY,MASTERGROUPCD) values ('ACTTYPE_KNOWYOURNUMBERS9_NO_LDL','Know Your No','IN',to_timestamp('28-MAR-16 08.24.54.640221000 AM','DD-MON-RR HH.MI.SSXFF AM'),'incv',to_timestamp('28-MAR-16 08.24.54.640221000 AM','DD-MON-RR HH.MI.SSXFF AM'),'incv','ACTTYPE');
Insert into INCV.MASTERMNEMONIC (MASTERCODEMNEMONIC,MASTERCODEDESC,VOIDFLG,INSERTEDDT,INSERTEDBY,UPDATEDDT,UPDATEDBY,MASTERGROUPCD) values ('ACTTYPE_LC_EPMDM_NOOS_TELP','Calls Only Coaching, Lifestyle','IN',to_timestamp('31-AUG-16 04.02.46.778661000 AM','DD-MON-RR HH.MI.SSXFF AM'),'test',to_timestamp('31-AUG-16 04.02.46.778661000 AM','DD-MON-RR HH.MI.SSXFF AM'),'test','ACTTYPE');
Insert into INCV.MASTERMNEMONIC (MASTERCODEMNEMONIC,MASTERCODEDESC,VOIDFLG,INSERTEDDT,INSERTEDBY,UPDATEDDT,UPDATEDBY,MASTERGROUPCD) values ('ACTTYPE_TC_MATE_ENRL_1st','Activity Type','IN',to_timestamp('04-NOV-16 08.55.51.508930000 AM','DD-MON-RR HH.MI.SSXFF AM'),'incv',to_timestamp('04-NOV-16 08.55.51.508930000 AM','DD-MON-RR HH.MI.SSXFF AM'),'incv','ACTTYPE');
Insert into INCV.MASTERMNEMONIC (MASTERCODEMNEMONIC,MASTERCODEDESC,VOIDFLG,INSERTEDDT,INSERTEDBY,UPDATEDDT,UPDATEDBY,MASTERGROUPCD) values ('ACTTYPE_TC_MATE_ENRL_2nd','Activity Type','IN',to_timestamp('04-NOV-16 08.55.51.552939000 AM','DD-MON-RR HH.MI.SSXFF AM'),'incv',to_timestamp('04-NOV-16 08.55.51.552939000 AM','DD-MON-RR HH.MI.SSXFF AM'),'incv','ACTTYPE');
Insert into INCV.MASTERMNEMONIC (MASTERCODEMNEMONIC,MASTERCODEDESC,VOIDFLG,INSERTEDDT,INSERTEDBY,UPDATEDDT,UPDATEDBY,MASTERGROUPCD) values ('ACTTYPE_TC_MATE_POSTPARTUM','Activity Type','IN',to_timestamp('04-NOV-16 08.55.51.554625000 AM','DD-MON-RR HH.MI.SSXFF AM'),'incv',to_timestamp('04-NOV-16 08.55.51.554625000 AM','DD-MON-RR HH.MI.SSXFF AM'),'incv','ACTTYPE');
Insert into INCV.MASTERMNEMONIC (MASTERCODEMNEMONIC,MASTERCODEDESC,VOIDFLG,INSERTEDDT,INSERTEDBY,UPDATEDDT,UPDATEDBY,MASTERGROUPCD) values ('ACTTYPE_ACB_ROUTINE_PHYSICAL','Activity Type','IN',to_timestamp('04-NOV-16 08.55.52.593188000 AM','DD-MON-RR HH.MI.SSXFF AM'),'incv',to_timestamp('04-NOV-16 08.55.52.593188000 AM','DD-MON-RR HH.MI.SSXFF AM'),'incv','ACTTYPE');
Insert into INCV.MASTERMNEMONIC (MASTERCODEMNEMONIC,MASTERCODEDESC,VOIDFLG,INSERTEDDT,INSERTEDBY,UPDATEDDT,UPDATEDBY,MASTERGROUPCD) values ('INCGOALTYPE_TKT','Ticket','IN',to_timestamp('08-MAY-17 09.47.38.910176000 AM','DD-MON-RR HH.MI.SSXFF AM'),'INCV',to_timestamp('08-MAY-17 09.47.38.910176000 AM','DD-MON-RR HH.MI.SSXFF AM'),'INCV','INCGOALTYPE');
Insert into INCV.MASTERMNEMONIC (MASTERCODEMNEMONIC,MASTERCODEDESC,VOIDFLG,INSERTEDDT,INSERTEDBY,UPDATEDDT,UPDATEDBY,MASTERGROUPCD) values ('ACTTYPE_DPP_DMP_REG','DPP/DMP Registration','IN',to_timestamp('18-AUG-17 09.20.02.661477000 AM','DD-MON-RR HH.MI.SSXFF AM'),'INCV',to_timestamp('18-AUG-17 09.20.02.661477000 AM','DD-MON-RR HH.MI.SSXFF AM'),'INCV','ACTTYPE');
Insert into INCV.MASTERMNEMONIC (MASTERCODEMNEMONIC,MASTERCODEDESC,VOIDFLG,INSERTEDDT,INSERTEDBY,UPDATEDDT,UPDATEDBY,MASTERGROUPCD) values ('ACTTYPE_TELP_LC_CONF',' Lifestyle Coaching for Weight Management','IN',to_timestamp('09-OCT-17 08.36.00.000000000 AM','DD-MON-RR HH.MI.SSXFF AM'),'INCV',to_timestamp('09-OCT-17 08.36.00.000000000 AM','DD-MON-RR HH.MI.SSXFF AM'),'INCV','ACTTYPE');
Insert into INCV.MASTERMNEMONIC (MASTERCODEMNEMONIC,MASTERCODEDESC,VOIDFLG,INSERTEDDT,INSERTEDBY,UPDATEDDT,UPDATEDBY,MASTERGROUPCD) values ('EC_CAD','Coronary Artery Disease','IN',to_timestamp('04-AUG-15 11.14.49.445721000 AM','DD-MON-RR HH.MI.SSXFF AM'),'test',to_timestamp('04-AUG-15 11.14.49.445721000 AM','DD-MON-RR HH.MI.SSXFF AM'),'test','EC');
Insert into INCV.MASTERMNEMONIC (MASTERCODEMNEMONIC,MASTERCODEDESC,VOIDFLG,INSERTEDDT,INSERTEDBY,UPDATEDDT,UPDATEDBY,MASTERGROUPCD) values ('EC_CHF','Congestive Heart Failure','IN',to_timestamp('04-AUG-15 11.14.49.186621000 AM','DD-MON-RR HH.MI.SSXFF AM'),'test',to_timestamp('04-AUG-15 11.14.49.186621000 AM','DD-MON-RR HH.MI.SSXFF AM'),'test','EC');
Insert into INCV.MASTERMNEMONIC (MASTERCODEMNEMONIC,MASTERCODEDESC,VOIDFLG,INSERTEDDT,INSERTEDBY,UPDATEDDT,UPDATEDBY,MASTERGROUPCD) values ('ACTTYPE_URINEMICROALBUMIN_LAB','URINEMICROALBUMIN_LAB','IN',to_timestamp('10-AUG-15 06.57.16.356694000 AM','DD-MON-RR HH.MI.SSXFF AM'),'test',to_timestamp('10-AUG-15 06.57.16.356694000 AM','DD-MON-RR HH.MI.SSXFF AM'),'test','ACTTYPE');
Insert into INCV.MASTERMNEMONIC (MASTERCODEMNEMONIC,MASTERCODEDESC,VOIDFLG,INSERTEDDT,INSERTEDBY,UPDATEDDT,UPDATEDBY,MASTERGROUPCD) values ('ACTTYPE_NUT_CNSL','Nutritional Counseling','IN',to_timestamp('22-JUN-15 06.31.49.888029000 AM','DD-MON-RR HH.MI.SSXFF AM'),'test',to_timestamp('22-JUN-15 06.31.49.888029000 AM','DD-MON-RR HH.MI.SSXFF AM'),'test','ACTTYPE');
Insert into INCV.MASTERMNEMONIC (MASTERCODEMNEMONIC,MASTERCODEDESC,VOIDFLG,INSERTEDDT,INSERTEDBY,UPDATEDDT,UPDATEDBY,MASTERGROUPCD) values ('ACTTYPE_METABOLICPANEL_LAB','METABOLICPANEL_LAB','IN',to_timestamp('10-AUG-15 07.40.44.709672000 AM','DD-MON-RR HH.MI.SSXFF AM'),'test',to_timestamp('10-AUG-15 07.40.44.709672000 AM','DD-MON-RR HH.MI.SSXFF AM'),'test','ACTTYPE');
Insert into INCV.MASTERMNEMONIC (MASTERCODEMNEMONIC,MASTERCODEDESC,VOIDFLG,INSERTEDDT,INSERTEDBY,UPDATEDDT,UPDATEDBY,MASTERGROUPCD) values ('ACTTYPE_ACEMEDS_NC','ACE or ARB Medications','IN',to_timestamp('15-OCT-15 10.35.51.093867000 AM','DD-MON-RR HH.MI.SSXFF AM'),'incv',to_timestamp('15-OCT-15 10.35.51.093867000 AM','DD-MON-RR HH.MI.SSXFF AM'),'incv','ACTTYPE');
Insert into INCV.MASTERMNEMONIC (MASTERCODEMNEMONIC,MASTERCODEDESC,VOIDFLG,INSERTEDDT,INSERTEDBY,UPDATEDDT,UPDATEDBY,MASTERGROUPCD) values ('EC_PROG_CONFIG','Eligibility for Nurse Coaching Program Types','IN',to_timestamp('03-NOV-15 04.13.18.733440000 PM','DD-MON-RR HH.MI.SSXFF AM'),'test',to_timestamp('03-NOV-15 04.13.18.733440000 PM','DD-MON-RR HH.MI.SSXFF AM'),'test','EC');
Insert into INCV.MASTERMNEMONIC (MASTERCODEMNEMONIC,MASTERCODEDESC,VOIDFLG,INSERTEDDT,INSERTEDBY,UPDATEDDT,UPDATEDBY,MASTERGROUPCD) values ('INCGOALCAT_EC','Eligibility Classification','IN',to_timestamp('03-NOV-15 04.13.30.716818000 PM','DD-MON-RR HH.MI.SSXFF AM'),'test',to_timestamp('03-NOV-15 04.13.30.716818000 PM','DD-MON-RR HH.MI.SSXFF AM'),'test','INCGOALCAT');
Insert into INCV.MASTERMNEMONIC (MASTERCODEMNEMONIC,MASTERCODEDESC,VOIDFLG,INSERTEDDT,INSERTEDBY,UPDATEDDT,UPDATEDBY,MASTERGROUPCD) values ('ACCTYPE_BMI_TARG','Biometric Target','IN',to_timestamp('01-JUN-16 08.53.56.752069000 AM','DD-MON-RR HH.MI.SSXFF AM'),'test',to_timestamp('01-JUN-16 08.53.56.752069000 AM','DD-MON-RR HH.MI.SSXFF AM'),'test','ACTTYPE');
Insert into INCV.MASTERMNEMONIC (MASTERCODEMNEMONIC,MASTERCODEDESC,VOIDFLG,INSERTEDDT,INSERTEDBY,UPDATEDDT,UPDATEDBY,MASTERGROUPCD) values ('ACTTYPE_SPOUSE_CARD','Spouse Card Activity','IN',to_timestamp('24-OCT-16 07.59.28.008563000 AM','DD-MON-RR HH.MI.SSXFF AM'),'incv',to_timestamp('24-OCT-16 07.59.28.008563000 AM','DD-MON-RR HH.MI.SSXFF AM'),'incv','ACTTYPE');
Insert into INCV.MASTERMNEMONIC (MASTERCODEMNEMONIC,MASTERCODEDESC,VOIDFLG,INSERTEDDT,INSERTEDBY,UPDATEDDT,UPDATEDBY,MASTERGROUPCD) values ('DIMENSIONTYPE_PLANSPONSORLVL','Plan Sponsor Level','IN',to_timestamp('10-AUG-17 10.04.48.000000000 AM','DD-MON-RR HH.MI.SSXFF AM'),'INCV',null,null,'DIMENSIONTYPE');
Insert into INCV.MASTERMNEMONIC (MASTERCODEMNEMONIC,MASTERCODEDESC,VOIDFLG,INSERTEDDT,INSERTEDBY,UPDATEDDT,UPDATEDBY,MASTERGROUPCD) values ('EC_BMI_NOT_MET_ELIGIBILITY','Eligibility - BMI Not Met configuraion','IN',to_timestamp('26-SEP-17 09.22.11.000000000 AM','DD-MON-RR HH.MI.SSXFF AM'),'INCV',to_timestamp('26-SEP-17 09.22.11.000000000 AM','DD-MON-RR HH.MI.SSXFF AM'),'INCV','EC');
Insert into INCV.MASTERMNEMONIC (MASTERCODEMNEMONIC,MASTERCODEDESC,VOIDFLG,INSERTEDDT,INSERTEDBY,UPDATEDDT,UPDATEDBY,MASTERGROUPCD) values ('DIMENSIONTYPE_GINACONSENT','GINA Consent Level','IN',to_timestamp('05-FEB-18 08.02.20.035945000 AM','DD-MON-RR HH.MI.SSXFF AM'),'INCV',to_timestamp('05-FEB-18 08.02.20.035945000 AM','DD-MON-RR HH.MI.SSXFF AM'),'INCV','DIMENSIONTYPE');
Insert into INCV.MASTERMNEMONIC (MASTERCODEMNEMONIC,MASTERCODEDESC,VOIDFLG,INSERTEDDT,INSERTEDBY,UPDATEDDT,UPDATEDBY,MASTERGROUPCD) values ('ELIGIBILITY_CONFIG_HA','Eligibility for HA Completion','IN',to_timestamp('12-FEB-18 11.11.33.126691000 AM','DD-MON-RR HH.MI.SSXFF AM'),'incv',to_timestamp('12-FEB-18 11.11.33.126691000 AM','DD-MON-RR HH.MI.SSXFF AM'),'incv','EC');
Insert into INCV.MASTERMNEMONIC (MASTERCODEMNEMONIC,MASTERCODEDESC,VOIDFLG,INSERTEDDT,INSERTEDBY,UPDATEDDT,UPDATEDBY,MASTERGROUPCD) values ('DIMENSIONTYPE_GINALVL','GINA Member Level','IN',to_timestamp('06-MAR-18 07.38.43.225291000 AM','DD-MON-RR HH.MI.SSXFF AM'),'INCV',to_timestamp('06-MAR-18 07.38.43.225291000 AM','DD-MON-RR HH.MI.SSXFF AM'),'INCV','DIMENSIONTYPE');
Insert into INCV.MASTERMNEMONIC (MASTERCODEMNEMONIC,MASTERCODEDESC,VOIDFLG,INSERTEDDT,INSERTEDBY,UPDATEDDT,UPDATEDBY,MASTERGROUPCD) values ('EC_ME_CONFIG','Health Action Eligibility','IN',to_timestamp('09-MAR-18 07.38.14.267136000 AM','DD-MON-RR HH.MI.SSXFF AM'),'INCV',to_timestamp('09-MAR-18 07.38.14.267136000 AM','DD-MON-RR HH.MI.SSXFF AM'),'INCV','EC');
Insert into INCV.MASTERMNEMONIC (MASTERCODEMNEMONIC,MASTERCODEDESC,VOIDFLG,INSERTEDDT,INSERTEDBY,UPDATEDDT,UPDATEDBY,MASTERGROUPCD) values ('PARTTYPE_P','Domestic Partner','IN',to_timestamp('02-NOV-14 08.44.35.647737000 PM','DD-MON-RR HH.MI.SSXFF AM'),'sram',to_timestamp('02-NOV-14 08.44.35.647737000 PM','DD-MON-RR HH.MI.SSXFF AM'),'sram','PARTTYPE');
Insert into INCV.MASTERMNEMONIC (MASTERCODEMNEMONIC,MASTERCODEDESC,VOIDFLG,INSERTEDDT,INSERTEDBY,UPDATEDDT,UPDATEDBY,MASTERGROUPCD) values ('ACTTYPE_SUTN_FIT','SUTN FIT','IN',to_timestamp('07-JAN-15 07.53.28.365996000 AM','DD-MON-RR HH.MI.SSXFF AM'),'test',to_timestamp('07-JAN-15 07.53.28.365996000 AM','DD-MON-RR HH.MI.SSXFF AM'),'test','ACTTYPE');
Insert into INCV.MASTERMNEMONIC (MASTERCODEMNEMONIC,MASTERCODEDESC,VOIDFLG,INSERTEDDT,INSERTEDBY,UPDATEDDT,UPDATEDBY,MASTERGROUPCD) values ('ACTTYPE_MATE_INITIALCALL','MATE INITIALCALL','IN',to_timestamp('13-JAN-15 03.43.31.817788000 PM','DD-MON-RR HH.MI.SSXFF AM'),'test',to_timestamp('13-JAN-15 03.43.31.817788000 PM','DD-MON-RR HH.MI.SSXFF AM'),'test','ACTTYPE');
Insert into INCV.MASTERMNEMONIC (MASTERCODEMNEMONIC,MASTERCODEDESC,VOIDFLG,INSERTEDDT,INSERTEDBY,UPDATEDDT,UPDATEDBY,MASTERGROUPCD) values ('ACTTYPE_MATE_FOLLOWUPCALL','MATE FOLLOWUPCALL','IN',to_timestamp('13-JAN-15 03.43.31.821634000 PM','DD-MON-RR HH.MI.SSXFF AM'),'test',to_timestamp('13-JAN-15 03.43.31.821634000 PM','DD-MON-RR HH.MI.SSXFF AM'),'test','ACTTYPE');
Insert into INCV.MASTERMNEMONIC (MASTERCODEMNEMONIC,MASTERCODEDESC,VOIDFLG,INSERTEDDT,INSERTEDBY,UPDATEDDT,UPDATEDBY,MASTERGROUPCD) values ('PARTTYPE_D','Adult Dependent','IN',to_timestamp('02-NOV-14 08.41.36.705096000 PM','DD-MON-RR HH.MI.SSXFF AM'),'sram',to_timestamp('02-NOV-14 08.41.36.705096000 PM','DD-MON-RR HH.MI.SSXFF AM'),'sram','PARTTYPE');
Insert into INCV.MASTERMNEMONIC (MASTERCODEMNEMONIC,MASTERCODEDESC,VOIDFLG,INSERTEDDT,INSERTEDBY,UPDATEDDT,UPDATEDBY,MASTERGROUPCD) values ('ACTTYPE_MATE_POSTPARTUMCALL','MATE POSTPARTUMCALL','IN',to_timestamp('13-JAN-15 03.43.31.824836000 PM','DD-MON-RR HH.MI.SSXFF AM'),'test',to_timestamp('13-JAN-15 03.43.31.824836000 PM','DD-MON-RR HH.MI.SSXFF AM'),'test','ACTTYPE');
Insert into INCV.MASTERMNEMONIC (MASTERCODEMNEMONIC,MASTERCODEDESC,VOIDFLG,INSERTEDDT,INSERTEDBY,UPDATEDDT,UPDATEDBY,MASTERGROUPCD) values ('ACTTYPE_TCHDL','TCHDL','IN',to_timestamp('13-JAN-15 03.43.31.826824000 PM','DD-MON-RR HH.MI.SSXFF AM'),'test',to_timestamp('13-JAN-15 03.43.31.826824000 PM','DD-MON-RR HH.MI.SSXFF AM'),'test','ACTTYPE');
Insert into INCV.MASTERMNEMONIC (MASTERCODEMNEMONIC,MASTERCODEDESC,VOIDFLG,INSERTEDDT,INSERTEDBY,UPDATEDDT,UPDATEDBY,MASTERGROUPCD) values ('ACTTYPE_BP_W_UE','BP W UE','IN',to_timestamp('08-APR-15 10.36.14.797883000 AM','DD-MON-RR HH.MI.SSXFF AM'),'test',to_timestamp('08-APR-15 10.36.14.797883000 AM','DD-MON-RR HH.MI.SSXFF AM'),'test','ACTTYPE');
Insert into INCV.MASTERMNEMONIC (MASTERCODEMNEMONIC,MASTERCODEDESC,VOIDFLG,INSERTEDDT,INSERTEDBY,UPDATEDDT,UPDATEDBY,MASTERGROUPCD) values ('ACTTYPE_BP_TARG_W_UE','BP TARG W UE','IN',to_timestamp('08-APR-15 10.36.15.080720000 AM','DD-MON-RR HH.MI.SSXFF AM'),'test',to_timestamp('08-APR-15 10.36.15.080720000 AM','DD-MON-RR HH.MI.SSXFF AM'),'test','ACTTYPE');
Insert into INCV.MASTERMNEMONIC (MASTERCODEMNEMONIC,MASTERCODEDESC,VOIDFLG,INSERTEDDT,INSERTEDBY,UPDATEDDT,UPDATEDBY,MASTERGROUPCD) values ('ACTTYPE_HDL_W_UE','HDL W UE','IN',to_timestamp('08-APR-15 10.36.15.326927000 AM','DD-MON-RR HH.MI.SSXFF AM'),'test',to_timestamp('08-APR-15 10.36.15.326927000 AM','DD-MON-RR HH.MI.SSXFF AM'),'test','ACTTYPE');
Insert into INCV.MASTERMNEMONIC (MASTERCODEMNEMONIC,MASTERCODEDESC,VOIDFLG,INSERTEDDT,INSERTEDBY,UPDATEDDT,UPDATEDBY,MASTERGROUPCD) values ('ACTTYPE_HDL_TARG_W_UE','HDL TARG W UE','IN',to_timestamp('08-APR-15 10.36.15.573210000 AM','DD-MON-RR HH.MI.SSXFF AM'),'test',to_timestamp('08-APR-15 10.36.15.573210000 AM','DD-MON-RR HH.MI.SSXFF AM'),'test','ACTTYPE');
Insert into INCV.MASTERMNEMONIC (MASTERCODEMNEMONIC,MASTERCODEDESC,VOIDFLG,INSERTEDDT,INSERTEDBY,UPDATEDDT,UPDATEDBY,MASTERGROUPCD) values ('ACTTYPE_BMI_W_UE','BMI W UE','IN',to_timestamp('08-APR-15 10.36.15.819322000 AM','DD-MON-RR HH.MI.SSXFF AM'),'test',to_timestamp('08-APR-15 10.36.15.819322000 AM','DD-MON-RR HH.MI.SSXFF AM'),'test','ACTTYPE');
Insert into INCV.MASTERMNEMONIC (MASTERCODEMNEMONIC,MASTERCODEDESC,VOIDFLG,INSERTEDDT,INSERTEDBY,UPDATEDDT,UPDATEDBY,MASTERGROUPCD) values ('ACTTYPE_BMI_TARG_W_UE','BMI TARG W UE','IN',to_timestamp('08-APR-15 10.36.16.066458000 AM','DD-MON-RR HH.MI.SSXFF AM'),'test',to_timestamp('08-APR-15 10.36.16.066458000 AM','DD-MON-RR HH.MI.SSXFF AM'),'test','ACTTYPE');
Insert into INCV.MASTERMNEMONIC (MASTERCODEMNEMONIC,MASTERCODEDESC,VOIDFLG,INSERTEDDT,INSERTEDBY,UPDATEDDT,UPDATEDBY,MASTERGROUPCD) values ('ACTTYPE_FASTING_BG_W_UE','FASTING BG W UE','IN',to_timestamp('13-APR-15 11.18.20.764931000 AM','DD-MON-RR HH.MI.SSXFF AM'),'test',to_timestamp('13-APR-15 11.18.20.764931000 AM','DD-MON-RR HH.MI.SSXFF AM'),'test','ACTTYPE');
Insert into INCV.MASTERMNEMONIC (MASTERCODEMNEMONIC,MASTERCODEDESC,VOIDFLG,INSERTEDDT,INSERTEDBY,UPDATEDDT,UPDATEDBY,MASTERGROUPCD) values ('ACTTYPE_FASTBG_TARG_W_UE','FASTBG TARG W UE','IN',to_timestamp('13-APR-15 11.18.21.047445000 AM','DD-MON-RR HH.MI.SSXFF AM'),'test',to_timestamp('13-APR-15 11.18.21.047445000 AM','DD-MON-RR HH.MI.SSXFF AM'),'test','ACTTYPE');
Insert into INCV.MASTERMNEMONIC (MASTERCODEMNEMONIC,MASTERCODEDESC,VOIDFLG,INSERTEDDT,INSERTEDBY,UPDATEDDT,UPDATEDBY,MASTERGROUPCD) values ('ACTTYPE_WAIST_COMP_W_UE','WAIST COMP W UE','IN',to_timestamp('13-APR-15 11.18.21.327501000 AM','DD-MON-RR HH.MI.SSXFF AM'),'test',to_timestamp('13-APR-15 11.18.21.327501000 AM','DD-MON-RR HH.MI.SSXFF AM'),'test','ACTTYPE');
Insert into INCV.MASTERMNEMONIC (MASTERCODEMNEMONIC,MASTERCODEDESC,VOIDFLG,INSERTEDDT,INSERTEDBY,UPDATEDDT,UPDATEDBY,MASTERGROUPCD) values ('ACTTYPE_WAIST_TARG_W_UE','WAIST TARG W UE','IN',to_timestamp('13-APR-15 11.18.21.607918000 AM','DD-MON-RR HH.MI.SSXFF AM'),'test',to_timestamp('13-APR-15 11.18.21.607918000 AM','DD-MON-RR HH.MI.SSXFF AM'),'test','ACTTYPE');
Insert into INCV.MASTERMNEMONIC (MASTERCODEMNEMONIC,MASTERCODEDESC,VOIDFLG,INSERTEDDT,INSERTEDBY,UPDATEDDT,UPDATEDBY,MASTERGROUPCD) values ('ACTTYPE_TRI_COMP_W_UE','TRI COMP W UE','IN',to_timestamp('13-APR-15 11.18.21.888442000 AM','DD-MON-RR HH.MI.SSXFF AM'),'test',to_timestamp('13-APR-15 11.18.21.888442000 AM','DD-MON-RR HH.MI.SSXFF AM'),'test','ACTTYPE');
Insert into INCV.MASTERMNEMONIC (MASTERCODEMNEMONIC,MASTERCODEDESC,VOIDFLG,INSERTEDDT,INSERTEDBY,UPDATEDDT,UPDATEDBY,MASTERGROUPCD) values ('ACTTYPE_TRI_TARG_W_UE','TRI TARG W UE','IN',to_timestamp('13-APR-15 11.18.22.169100000 AM','DD-MON-RR HH.MI.SSXFF AM'),'test',to_timestamp('13-APR-15 11.18.22.169100000 AM','DD-MON-RR HH.MI.SSXFF AM'),'test','ACTTYPE');
Insert into INCV.MASTERMNEMONIC (MASTERCODEMNEMONIC,MASTERCODEDESC,VOIDFLG,INSERTEDDT,INSERTEDBY,UPDATEDDT,UPDATEDBY,MASTERGROUPCD) values ('EC_REC_GROUP','Group Coaching','IN',to_timestamp('09-JUL-15 06.52.41.928978000 AM','DD-MON-RR HH.MI.SSXFF AM'),'test',to_timestamp('09-JUL-15 06.52.41.928978000 AM','DD-MON-RR HH.MI.SSXFF AM'),'test','EC');
Insert into INCV.MASTERMNEMONIC (MASTERCODEMNEMONIC,MASTERCODEDESC,VOIDFLG,INSERTEDDT,INSERTEDBY,UPDATEDDT,UPDATEDBY,MASTERGROUPCD) values ('EC_REC_COACHASNAV','Coach as Navigator','IN',to_timestamp('09-JUL-15 06.52.42.364797000 AM','DD-MON-RR HH.MI.SSXFF AM'),'test',to_timestamp('09-JUL-15 06.52.42.364797000 AM','DD-MON-RR HH.MI.SSXFF AM'),'test','EC');
Insert into INCV.MASTERMNEMONIC (MASTERCODEMNEMONIC,MASTERCODEDESC,VOIDFLG,INSERTEDDT,INSERTEDBY,UPDATEDDT,UPDATEDBY,MASTERGROUPCD) values ('EC_REC_DIGI','Digital Coaching','IN',to_timestamp('09-JUL-15 06.52.42.787648000 AM','DD-MON-RR HH.MI.SSXFF AM'),'test',to_timestamp('09-JUL-15 06.52.42.787648000 AM','DD-MON-RR HH.MI.SSXFF AM'),'test','EC');
Insert into INCV.MASTERMNEMONIC (MASTERCODEMNEMONIC,MASTERCODEDESC,VOIDFLG,INSERTEDDT,INSERTEDBY,UPDATEDDT,UPDATEDBY,MASTERGROUPCD) values ('EC_REC_TEL','Telephonic','IN',to_timestamp('09-JUL-15 06.52.43.241138000 AM','DD-MON-RR HH.MI.SSXFF AM'),'test',to_timestamp('09-JUL-15 06.52.43.241138000 AM','DD-MON-RR HH.MI.SSXFF AM'),'test','EC');
Insert into INCV.MASTERMNEMONIC (MASTERCODEMNEMONIC,MASTERCODEDESC,VOIDFLG,INSERTEDDT,INSERTEDBY,UPDATEDDT,UPDATEDBY,MASTERGROUPCD) values ('ACTTYPE_KNOWYOURNUMBERS_ALL','KNOWYOURNUMBERS_ALL','IN',to_timestamp('09-JUL-15 06.52.43.636520000 AM','DD-MON-RR HH.MI.SSXFF AM'),'test',to_timestamp('09-JUL-15 06.52.43.636520000 AM','DD-MON-RR HH.MI.SSXFF AM'),'test','ACTTYPE');
Insert into INCV.MASTERMNEMONIC (MASTERCODEMNEMONIC,MASTERCODEDESC,VOIDFLG,INSERTEDDT,INSERTEDBY,UPDATEDDT,UPDATEDBY,MASTERGROUPCD) values ('EC_DIABETES_NC','Diabetes for NC','IN',to_timestamp('01-OCT-15 05.40.10.535057000 AM','DD-MON-RR HH.MI.SSXFF AM'),'test',to_timestamp('01-OCT-15 05.40.10.535057000 AM','DD-MON-RR HH.MI.SSXFF AM'),'test','EC');
Insert into INCV.MASTERMNEMONIC (MASTERCODEMNEMONIC,MASTERCODEDESC,VOIDFLG,INSERTEDDT,INSERTEDBY,UPDATEDDT,UPDATEDBY,MASTERGROUPCD) values ('EC_COPD_NC','Chronic obstructive pulmonary disease for NC','IN',to_timestamp('01-OCT-15 05.40.10.822298000 AM','DD-MON-RR HH.MI.SSXFF AM'),'test',to_timestamp('01-OCT-15 05.40.10.822298000 AM','DD-MON-RR HH.MI.SSXFF AM'),'test','EC');
Insert into INCV.MASTERMNEMONIC (MASTERCODEMNEMONIC,MASTERCODEDESC,VOIDFLG,INSERTEDDT,INSERTEDBY,UPDATEDDT,UPDATEDBY,MASTERGROUPCD) values ('EC_ASTHMA_NC','Asthma for NC','IN',to_timestamp('01-OCT-15 05.40.11.050600000 AM','DD-MON-RR HH.MI.SSXFF AM'),'test',to_timestamp('01-OCT-15 05.40.11.050600000 AM','DD-MON-RR HH.MI.SSXFF AM'),'test','EC');
Insert into INCV.MASTERMNEMONIC (MASTERCODEMNEMONIC,MASTERCODEDESC,VOIDFLG,INSERTEDDT,INSERTEDBY,UPDATEDDT,UPDATEDBY,MASTERGROUPCD) values ('EC_HTN_NC','Hypertension for NC','IN',to_timestamp('01-OCT-15 05.40.11.279878000 AM','DD-MON-RR HH.MI.SSXFF AM'),'test',to_timestamp('01-OCT-15 05.40.11.279878000 AM','DD-MON-RR HH.MI.SSXFF AM'),'test','EC');
Insert into INCV.MASTERMNEMONIC (MASTERCODEMNEMONIC,MASTERCODEDESC,VOIDFLG,INSERTEDDT,INSERTEDBY,UPDATEDDT,UPDATEDBY,MASTERGROUPCD) values ('EC_HYPERLIPIDEMIA_NC','Hyperlipidemia for NC','IN',to_timestamp('01-OCT-15 05.40.11.508541000 AM','DD-MON-RR HH.MI.SSXFF AM'),'test',to_timestamp('01-OCT-15 05.40.11.508541000 AM','DD-MON-RR HH.MI.SSXFF AM'),'test','EC');
Insert into INCV.MASTERMNEMONIC (MASTERCODEMNEMONIC,MASTERCODEDESC,VOIDFLG,INSERTEDDT,INSERTEDBY,UPDATEDDT,UPDATEDBY,MASTERGROUPCD) values ('EC_CHF_NC','Congestive Heart Failure for NC','IN',to_timestamp('01-OCT-15 05.40.11.735668000 AM','DD-MON-RR HH.MI.SSXFF AM'),'test',to_timestamp('01-OCT-15 05.40.11.735668000 AM','DD-MON-RR HH.MI.SSXFF AM'),'test','EC');
Insert into INCV.MASTERMNEMONIC (MASTERCODEMNEMONIC,MASTERCODEDESC,VOIDFLG,INSERTEDDT,INSERTEDBY,UPDATEDDT,UPDATEDBY,MASTERGROUPCD) values ('EC_CAD_NC','Coronary Artery Disease for NC','IN',to_timestamp('01-OCT-15 05.40.11.962047000 AM','DD-MON-RR HH.MI.SSXFF AM'),'test',to_timestamp('01-OCT-15 05.40.11.962047000 AM','DD-MON-RR HH.MI.SSXFF AM'),'test','EC');
Insert into INCV.MASTERMNEMONIC (MASTERCODEMNEMONIC,MASTERCODEDESC,VOIDFLG,INSERTEDDT,INSERTEDBY,UPDATEDDT,UPDATEDBY,MASTERGROUPCD) values ('ACTTYPE_PCP_NC','PCP Visit','IN',to_timestamp('01-OCT-15 05.40.12.206468000 AM','DD-MON-RR HH.MI.SSXFF AM'),'incv',to_timestamp('01-OCT-15 05.40.12.206468000 AM','DD-MON-RR HH.MI.SSXFF AM'),'incv','ACTTYPE');
Insert into INCV.MASTERMNEMONIC (MASTERCODEMNEMONIC,MASTERCODEDESC,VOIDFLG,INSERTEDDT,INSERTEDBY,UPDATEDDT,UPDATEDBY,MASTERGROUPCD) values ('ACTTYPE_HBA1C_NC','HbA1C','IN',to_timestamp('01-OCT-15 05.40.12.435223000 AM','DD-MON-RR HH.MI.SSXFF AM'),'incv',to_timestamp('01-OCT-15 05.40.12.435223000 AM','DD-MON-RR HH.MI.SSXFF AM'),'incv','ACTTYPE');
Insert into INCV.MASTERMNEMONIC (MASTERCODEMNEMONIC,MASTERCODEDESC,VOIDFLG,INSERTEDDT,INSERTEDBY,UPDATEDDT,UPDATEDBY,MASTERGROUPCD) values ('ACTTYPE_DSME_NC','Education/Treatment  DSME','IN',to_timestamp('01-OCT-15 05.40.12.663846000 AM','DD-MON-RR HH.MI.SSXFF AM'),'incv',to_timestamp('01-OCT-15 05.40.12.663846000 AM','DD-MON-RR HH.MI.SSXFF AM'),'incv','ACTTYPE');
Insert into INCV.MASTERMNEMONIC (MASTERCODEMNEMONIC,MASTERCODEDESC,VOIDFLG,INSERTEDDT,INSERTEDBY,UPDATEDDT,UPDATEDBY,MASTERGROUPCD) values ('ACTTYPE_ASATHERAPY_NC','ASA Therapy','IN',to_timestamp('13-OCT-15 09.01.44.272956000 AM','DD-MON-RR HH.MI.SSXFF AM'),'incv',to_timestamp('13-OCT-15 09.01.44.272956000 AM','DD-MON-RR HH.MI.SSXFF AM'),'incv','ACTTYPE');
Insert into INCV.MASTERMNEMONIC (MASTERCODEMNEMONIC,MASTERCODEDESC,VOIDFLG,INSERTEDDT,INSERTEDBY,UPDATEDDT,UPDATEDBY,MASTERGROUPCD) values ('ACTTYPE_MONITORBP_NC','Monitoring Blood pressure','IN',to_timestamp('13-OCT-15 09.01.52.446496000 AM','DD-MON-RR HH.MI.SSXFF AM'),'incv',to_timestamp('13-OCT-15 09.01.52.446496000 AM','DD-MON-RR HH.MI.SSXFF AM'),'incv','ACTTYPE');
Insert into INCV.MASTERMNEMONIC (MASTERCODEMNEMONIC,MASTERCODEDESC,VOIDFLG,INSERTEDDT,INSERTEDBY,UPDATEDDT,UPDATEDBY,MASTERGROUPCD) values ('ACTTYPE_ASHTMAACTION_NC','Asthma Action Plan','IN',to_timestamp('13-OCT-15 09.01.58.146467000 AM','DD-MON-RR HH.MI.SSXFF AM'),'incv',to_timestamp('13-OCT-15 09.01.58.146467000 AM','DD-MON-RR HH.MI.SSXFF AM'),'incv','ACTTYPE');
Insert into INCV.MASTERMNEMONIC (MASTERCODEMNEMONIC,MASTERCODEDESC,VOIDFLG,INSERTEDDT,INSERTEDBY,UPDATEDDT,UPDATEDBY,MASTERGROUPCD) values ('ACTTYPE_PEAKFLOW_NC','Asthma Action Plan','IN',to_timestamp('14-OCT-15 08.35.55.624468000 AM','DD-MON-RR HH.MI.SSXFF AM'),'incv',to_timestamp('14-OCT-15 08.35.55.624468000 AM','DD-MON-RR HH.MI.SSXFF AM'),'incv','ACTTYPE');
Insert into INCV.MASTERMNEMONIC (MASTERCODEMNEMONIC,MASTERCODEDESC,VOIDFLG,INSERTEDDT,INSERTEDBY,UPDATEDDT,UPDATEDBY,MASTERGROUPCD) values ('ACTTYPE_SPIRO_NC','Asthma Action Plan','IN',to_timestamp('14-OCT-15 10.01.43.693371000 AM','DD-MON-RR HH.MI.SSXFF AM'),'incv',to_timestamp('14-OCT-15 10.01.43.693371000 AM','DD-MON-RR HH.MI.SSXFF AM'),'incv','ACTTYPE');
Insert into INCV.MASTERMNEMONIC (MASTERCODEMNEMONIC,MASTERCODEDESC,VOIDFLG,INSERTEDDT,INSERTEDBY,UPDATEDDT,UPDATEDBY,MASTERGROUPCD) values ('ACTTYPE_ASTHMAMEDS_NC','Asthma Action Plan','IN',to_timestamp('15-OCT-15 09.24.59.727995000 AM','DD-MON-RR HH.MI.SSXFF AM'),'incv',to_timestamp('15-OCT-15 09.24.59.727995000 AM','DD-MON-RR HH.MI.SSXFF AM'),'incv','ACTTYPE');
Insert into INCV.MASTERMNEMONIC (MASTERCODEMNEMONIC,MASTERCODEDESC,VOIDFLG,INSERTEDDT,INSERTEDBY,UPDATEDDT,UPDATEDBY,MASTERGROUPCD) values ('ACTTYPE_PREVENTATIVE_SCREENING_CLAIMS_UBS',' Preventative screening for UBS','IN',to_timestamp('15-OCT-15 12.39.20.232368000 PM','DD-MON-RR HH.MI.SSXFF AM'),'incv',to_timestamp('15-OCT-15 12.39.20.232368000 PM','DD-MON-RR HH.MI.SSXFF AM'),'incv','ACTTYPE');
Insert into INCV.MASTERMNEMONIC (MASTERCODEMNEMONIC,MASTERCODEDESC,VOIDFLG,INSERTEDDT,INSERTEDBY,UPDATEDDT,UPDATEDBY,MASTERGROUPCD) values ('ACTTYPE_KNOWYOURNUMBERS_XOF9','Know your numbers 4 of 9','IN',to_timestamp('05-JAN-16 06.12.03.970829000 AM','DD-MON-RR HH.MI.SSXFF AM'),'incv',to_timestamp('05-JAN-16 06.12.03.970829000 AM','DD-MON-RR HH.MI.SSXFF AM'),'incv','ACTTYPE');
Insert into INCV.MASTERMNEMONIC (MASTERCODEMNEMONIC,MASTERCODEDESC,VOIDFLG,INSERTEDDT,INSERTEDBY,UPDATEDDT,UPDATEDBY,MASTERGROUPCD) values ('ACTTYPE_GROUP_COACHING','Group Coaching with sessions','IN',to_timestamp('25-JAN-16 11.50.58.000000000 AM','DD-MON-RR HH.MI.SSXFF AM'),'INCV',to_timestamp('25-JAN-16 11.50.58.000000000 AM','DD-MON-RR HH.MI.SSXFF AM'),'INCV','ACTTYPE');
Insert into INCV.MASTERMNEMONIC (MASTERCODEMNEMONIC,MASTERCODEDESC,VOIDFLG,INSERTEDDT,INSERTEDBY,UPDATEDDT,UPDATEDBY,MASTERGROUPCD) values ('ACTSTAT_WAIVED','WAIVED','IN',to_timestamp('26-JUL-16 07.18.34.076656000 AM','DD-MON-RR HH.MI.SSXFF AM'),'incv',to_timestamp('26-JUL-16 07.18.34.076656000 AM','DD-MON-RR HH.MI.SSXFF AM'),'incv','ACTSTAT');
Insert into INCV.MASTERMNEMONIC (MASTERCODEMNEMONIC,MASTERCODEDESC,VOIDFLG,INSERTEDDT,INSERTEDBY,UPDATEDDT,UPDATEDBY,MASTERGROUPCD) values ('ACTTYPE_DIGITAL_COACHING5','Digital Coaching 5','IN',to_timestamp('25-JUN-17 09.45.50.520121000 AM','DD-MON-RR HH.MI.SSXFF AM'),'test',to_timestamp('25-JUN-17 09.45.50.520121000 AM','DD-MON-RR HH.MI.SSXFF AM'),'test','ACTTYPE');
Insert into INCV.MASTERMNEMONIC (MASTERCODEMNEMONIC,MASTERCODEDESC,VOIDFLG,INSERTEDDT,INSERTEDBY,UPDATEDDT,UPDATEDBY,MASTERGROUPCD) values ('PARTTYPE_A','ALL','IN',to_timestamp('18-MAY-17 08.12.43.582816000 AM','DD-MON-RR HH.MI.SSXFF AM'),'INCV',to_timestamp('18-MAY-17 08.12.43.582816000 AM','DD-MON-RR HH.MI.SSXFF AM'),'INCV','PARTTYPE');
Insert into INCV.MASTERMNEMONIC (MASTERCODEMNEMONIC,MASTERCODEDESC,VOIDFLG,INSERTEDDT,INSERTEDBY,UPDATEDDT,UPDATEDBY,MASTERGROUPCD) values ('ACTTYPE_HYW_TELEPHONIC_CONF','Health Your Way (HYW) configurable Coaching call rule','IN',to_timestamp('28-SEP-17 08.29.59.000000000 AM','DD-MON-RR HH.MI.SSXFF AM'),'INCV',to_timestamp('28-SEP-17 08.29.59.000000000 AM','DD-MON-RR HH.MI.SSXFF AM'),'INCV','ACTTYPE');
Insert into INCV.MASTERMNEMONIC (MASTERCODEMNEMONIC,MASTERCODEDESC,VOIDFLG,INSERTEDDT,INSERTEDBY,UPDATEDDT,UPDATEDBY,MASTERGROUPCD) values ('ACTTYPE_PATK1','PATK1 Activity','IN',to_timestamp('05-OCT-17 08.26.21.000000000 AM','DD-MON-RR HH.MI.SSXFF AM'),'INCV',to_timestamp('05-OCT-17 08.26.21.000000000 AM','DD-MON-RR HH.MI.SSXFF AM'),'INCV','ACTTYPE');
Insert into INCV.MASTERMNEMONIC (MASTERCODEMNEMONIC,MASTERCODEDESC,VOIDFLG,INSERTEDDT,INSERTEDBY,UPDATEDDT,UPDATEDBY,MASTERGROUPCD) values ('EC_HA','Health Assessment Eligibility','IN',to_timestamp('13-FEB-18 08.00.33.823723000 AM','DD-MON-RR HH.MI.SSXFF AM'),'INCVUSER',to_timestamp('13-FEB-18 08.00.33.823723000 AM','DD-MON-RR HH.MI.SSXFF AM'),'INCVUSER','EC');

Insert into INCV.INCENTIVEMESSAGEDEFAULTATTR (INCENTIVEMSGDEFAULTATTRID,ATTRIBUTECATGEORY,ATTRIBUTENM,ATTRIBUTETXT,LANGUAGEMNEMONIC,VOIDFLG,INSERTEDDT,INSERTEDBY,UPDATEDDT,UPDATEDBY) values (27,'INCGOALCAT_ACT','MINUTES','Horas : Minutos','LANGCODE_ES','IN',to_timestamp('23-AUG-17 09.06.59.228791000 AM','DD-MON-RR HH.MI.SSXFF AM'),'testQ32017',to_timestamp('23-AUG-17 09.06.59.228791000 AM','DD-MON-RR HH.MI.SSXFF AM'),'testQ32017');
Insert into INCV.INCENTIVEMESSAGEDEFAULTATTR (INCENTIVEMSGDEFAULTATTRID,ATTRIBUTECATGEORY,ATTRIBUTENM,ATTRIBUTETXT,LANGUAGEMNEMONIC,VOIDFLG,INSERTEDDT,INSERTEDBY,UPDATEDDT,UPDATEDBY) values (28,'INCGOALCAT_ACT','MINUTES','Hours : Minutes','LANGCODE_EN','IN',to_timestamp('23-AUG-17 09.06.59.576484000 AM','DD-MON-RR HH.MI.SSXFF AM'),'testQ32017',to_timestamp('23-AUG-17 09.06.59.576484000 AM','DD-MON-RR HH.MI.SSXFF AM'),'testQ32017');
Insert into INCV.INCENTIVEMESSAGEDEFAULTATTR (INCENTIVEMSGDEFAULTATTRID,ATTRIBUTECATGEORY,ATTRIBUTENM,ATTRIBUTETXT,LANGUAGEMNEMONIC,VOIDFLG,INSERTEDDT,INSERTEDBY,UPDATEDDT,UPDATEDBY) values (29,'INCGOALCAT_ACT','STEPS','Pasos','LANGCODE_ES','IN',to_timestamp('23-AUG-17 09.07.04.356222000 AM','DD-MON-RR HH.MI.SSXFF AM'),'testQ32017',to_timestamp('23-AUG-17 09.07.04.356222000 AM','DD-MON-RR HH.MI.SSXFF AM'),'testQ32017');
Insert into INCV.INCENTIVEMESSAGEDEFAULTATTR (INCENTIVEMSGDEFAULTATTRID,ATTRIBUTECATGEORY,ATTRIBUTENM,ATTRIBUTETXT,LANGUAGEMNEMONIC,VOIDFLG,INSERTEDDT,INSERTEDBY,UPDATEDDT,UPDATEDBY) values (30,'INCGOALCAT_ACT','STEPS','Steps','LANGCODE_EN','IN',to_timestamp('23-AUG-17 09.07.04.673041000 AM','DD-MON-RR HH.MI.SSXFF AM'),'testQ32017',to_timestamp('23-AUG-17 09.07.04.673041000 AM','DD-MON-RR HH.MI.SSXFF AM'),'testQ32017');
Insert into INCV.INCENTIVEMESSAGEDEFAULTATTR (INCENTIVEMSGDEFAULTATTRID,ATTRIBUTECATGEORY,ATTRIBUTENM,ATTRIBUTETXT,LANGUAGEMNEMONIC,VOIDFLG,INSERTEDDT,INSERTEDBY,UPDATEDDT,UPDATEDBY) values (31,'INCGOALCAT_ACT','CALORIES','Caloras','LANGCODE_ES','IN',to_timestamp('23-AUG-17 09.07.08.926811000 AM','DD-MON-RR HH.MI.SSXFF AM'),'testQ32017',to_timestamp('23-AUG-17 09.07.08.926811000 AM','DD-MON-RR HH.MI.SSXFF AM'),'testQ32017');
Insert into INCV.INCENTIVEMESSAGEDEFAULTATTR (INCENTIVEMSGDEFAULTATTRID,ATTRIBUTECATGEORY,ATTRIBUTENM,ATTRIBUTETXT,LANGUAGEMNEMONIC,VOIDFLG,INSERTEDDT,INSERTEDBY,UPDATEDDT,UPDATEDBY) values (32,'INCGOALCAT_ACT','CALORIES','Calories','LANGCODE_EN','IN',to_timestamp('23-AUG-17 09.07.09.243371000 AM','DD-MON-RR HH.MI.SSXFF AM'),'testQ32017',to_timestamp('23-AUG-17 09.07.09.243371000 AM','DD-MON-RR HH.MI.SSXFF AM'),'testQ32017');
Insert into INCV.INCENTIVEMESSAGEDEFAULTATTR (INCENTIVEMSGDEFAULTATTRID,ATTRIBUTECATGEORY,ATTRIBUTENM,ATTRIBUTETXT,LANGUAGEMNEMONIC,VOIDFLG,INSERTEDDT,INSERTEDBY,UPDATEDDT,UPDATEDBY) values (33,'INCGOALCAT_ACT','POUNDS','Libras','LANGCODE_ES','IN',to_timestamp('23-AUG-17 09.07.14.242748000 AM','DD-MON-RR HH.MI.SSXFF AM'),'testQ32017',to_timestamp('23-AUG-17 09.07.14.242748000 AM','DD-MON-RR HH.MI.SSXFF AM'),'testQ32017');
Insert into INCV.INCENTIVEMESSAGEDEFAULTATTR (INCENTIVEMSGDEFAULTATTRID,ATTRIBUTECATGEORY,ATTRIBUTENM,ATTRIBUTETXT,LANGUAGEMNEMONIC,VOIDFLG,INSERTEDDT,INSERTEDBY,UPDATEDDT,UPDATEDBY) values (34,'INCGOALCAT_ACT','POUNDS','Pounds','LANGCODE_EN','IN',to_timestamp('23-AUG-17 09.07.14.559213000 AM','DD-MON-RR HH.MI.SSXFF AM'),'testQ32017',to_timestamp('23-AUG-17 09.07.14.559213000 AM','DD-MON-RR HH.MI.SSXFF AM'),'testQ32017');
Insert into INCV.INCENTIVEMESSAGEDEFAULTATTR (INCENTIVEMSGDEFAULTATTRID,ATTRIBUTECATGEORY,ATTRIBUTENM,ATTRIBUTETXT,LANGUAGEMNEMONIC,VOIDFLG,INSERTEDDT,INSERTEDBY,UPDATEDDT,UPDATEDBY) values (35,'INCGOALCAT_ACT','PAINLEVEL','Nivel de dolor','LANGCODE_ES','IN',to_timestamp('23-AUG-17 09.07.19.436495000 AM','DD-MON-RR HH.MI.SSXFF AM'),'testQ32017',to_timestamp('23-AUG-17 09.07.19.436495000 AM','DD-MON-RR HH.MI.SSXFF AM'),'testQ32017');
Insert into INCV.INCENTIVEMESSAGEDEFAULTATTR (INCENTIVEMSGDEFAULTATTRID,ATTRIBUTECATGEORY,ATTRIBUTENM,ATTRIBUTETXT,LANGUAGEMNEMONIC,VOIDFLG,INSERTEDDT,INSERTEDBY,UPDATEDDT,UPDATEDBY) values (36,'INCGOALCAT_ACT','PAINLEVEL','Pain Level','LANGCODE_EN','IN',to_timestamp('23-AUG-17 09.07.19.752954000 AM','DD-MON-RR HH.MI.SSXFF AM'),'testQ32017',to_timestamp('23-AUG-17 09.07.19.752954000 AM','DD-MON-RR HH.MI.SSXFF AM'),'testQ32017');
Insert into INCV.INCENTIVEMESSAGEDEFAULTATTR (INCENTIVEMSGDEFAULTATTRID,ATTRIBUTECATGEORY,ATTRIBUTENM,ATTRIBUTETXT,LANGUAGEMNEMONIC,VOIDFLG,INSERTEDDT,INSERTEDBY,UPDATEDDT,UPDATEDBY) values (37,'INCGOALCAT_ACT','DEFAULT','Defecto','LANGCODE_ES','IN',to_timestamp('23-AUG-17 09.07.20.069445000 AM','DD-MON-RR HH.MI.SSXFF AM'),'testQ32017',to_timestamp('23-AUG-17 09.07.20.069445000 AM','DD-MON-RR HH.MI.SSXFF AM'),'testQ32017');
Insert into INCV.INCENTIVEMESSAGEDEFAULTATTR (INCENTIVEMSGDEFAULTATTRID,ATTRIBUTECATGEORY,ATTRIBUTENM,ATTRIBUTETXT,LANGUAGEMNEMONIC,VOIDFLG,INSERTEDDT,INSERTEDBY,UPDATEDDT,UPDATEDBY) values (38,'INCGOALCAT_ACT','DEFAULT','Default','LANGCODE_EN','IN',to_timestamp('23-AUG-17 09.07.20.387171000 AM','DD-MON-RR HH.MI.SSXFF AM'),'testQ32017',to_timestamp('23-AUG-17 09.07.20.387171000 AM','DD-MON-RR HH.MI.SSXFF AM'),'testQ32017');
Insert into INCV.INCENTIVEMESSAGEDEFAULTATTR (INCENTIVEMSGDEFAULTATTRID,ATTRIBUTECATGEORY,ATTRIBUTENM,ATTRIBUTETXT,LANGUAGEMNEMONIC,VOIDFLG,INSERTEDDT,INSERTEDBY,UPDATEDDT,UPDATEDBY) values (1,'INCGOALCAT_ACT','COMPLETE','Completed','LANGCODE_EN','IN',to_timestamp('03-FEB-15 02.50.49.000000000 PM','DD-MON-RR HH.MI.SSXFF AM'),'INCV',to_timestamp('03-FEB-15 02.50.49.000000000 PM','DD-MON-RR HH.MI.SSXFF AM'),'INCV');
Insert into INCV.INCENTIVEMESSAGEDEFAULTATTR (INCENTIVEMSGDEFAULTATTRID,ATTRIBUTECATGEORY,ATTRIBUTENM,ATTRIBUTETXT,LANGUAGEMNEMONIC,VOIDFLG,INSERTEDDT,INSERTEDBY,UPDATEDDT,UPDATEDBY) values (2,'INCGOALCAT_ACT','COMPLETE','Completado','LANGCODE_ES','IN',to_timestamp('03-FEB-15 02.50.49.000000000 PM','DD-MON-RR HH.MI.SSXFF AM'),'INCV',to_timestamp('03-FEB-15 02.50.49.000000000 PM','DD-MON-RR HH.MI.SSXFF AM'),'INCV');
Insert into INCV.INCENTIVEMESSAGEDEFAULTATTR (INCENTIVEMSGDEFAULTATTRID,ATTRIBUTECATGEORY,ATTRIBUTENM,ATTRIBUTETXT,LANGUAGEMNEMONIC,VOIDFLG,INSERTEDDT,INSERTEDBY,UPDATEDDT,UPDATEDBY) values (3,'INCGOALCAT_ACT','LATE','Completed Late','LANGCODE_EN','IN',to_timestamp('03-FEB-15 02.50.49.000000000 PM','DD-MON-RR HH.MI.SSXFF AM'),'INCV',to_timestamp('03-FEB-15 02.50.49.000000000 PM','DD-MON-RR HH.MI.SSXFF AM'),'INCV');
Insert into INCV.INCENTIVEMESSAGEDEFAULTATTR (INCENTIVEMSGDEFAULTATTRID,ATTRIBUTECATGEORY,ATTRIBUTENM,ATTRIBUTETXT,LANGUAGEMNEMONIC,VOIDFLG,INSERTEDDT,INSERTEDBY,UPDATEDDT,UPDATEDBY) values (4,'INCGOALCAT_ACT','LATE','Completado Tarde','LANGCODE_ES','IN',to_timestamp('03-FEB-15 02.50.50.000000000 PM','DD-MON-RR HH.MI.SSXFF AM'),'INCV',to_timestamp('03-FEB-15 02.50.50.000000000 PM','DD-MON-RR HH.MI.SSXFF AM'),'INCV');
Insert into INCV.INCENTIVEMESSAGEDEFAULTATTR (INCENTIVEMSGDEFAULTATTRID,ATTRIBUTECATGEORY,ATTRIBUTENM,ATTRIBUTETXT,LANGUAGEMNEMONIC,VOIDFLG,INSERTEDDT,INSERTEDBY,UPDATEDDT,UPDATEDBY) values (5,'INCGOALCAT_ACT','OPEN','Not Completed','LANGCODE_EN','IN',to_timestamp('03-FEB-15 02.50.50.000000000 PM','DD-MON-RR HH.MI.SSXFF AM'),'INCV',to_timestamp('03-FEB-15 02.50.50.000000000 PM','DD-MON-RR HH.MI.SSXFF AM'),'INCV');
Insert into INCV.INCENTIVEMESSAGEDEFAULTATTR (INCENTIVEMSGDEFAULTATTRID,ATTRIBUTECATGEORY,ATTRIBUTENM,ATTRIBUTETXT,LANGUAGEMNEMONIC,VOIDFLG,INSERTEDDT,INSERTEDBY,UPDATEDDT,UPDATEDBY) values (6,'INCGOALCAT_ACT','OPEN','No Completado','LANGCODE_ES','IN',to_timestamp('03-FEB-15 02.50.50.000000000 PM','DD-MON-RR HH.MI.SSXFF AM'),'INCV',to_timestamp('03-FEB-15 02.50.50.000000000 PM','DD-MON-RR HH.MI.SSXFF AM'),'INCV');
Insert into INCV.INCENTIVEMESSAGEDEFAULTATTR (INCENTIVEMSGDEFAULTATTRID,ATTRIBUTECATGEORY,ATTRIBUTENM,ATTRIBUTETXT,LANGUAGEMNEMONIC,VOIDFLG,INSERTEDDT,INSERTEDBY,UPDATEDDT,UPDATEDBY) values (7,'INCGOALCAT_ACT','EXPIRED','Past Deadline','LANGCODE_EN','IN',to_timestamp('03-FEB-15 02.50.50.000000000 PM','DD-MON-RR HH.MI.SSXFF AM'),'INCV',to_timestamp('03-FEB-15 02.50.50.000000000 PM','DD-MON-RR HH.MI.SSXFF AM'),'INCV');
Insert into INCV.INCENTIVEMESSAGEDEFAULTATTR (INCENTIVEMSGDEFAULTATTRID,ATTRIBUTECATGEORY,ATTRIBUTENM,ATTRIBUTETXT,LANGUAGEMNEMONIC,VOIDFLG,INSERTEDDT,INSERTEDBY,UPDATEDDT,UPDATEDBY) values (8,'INCGOALCAT_ACT','EXPIRED','Plazo ha Pasado','LANGCODE_ES','IN',to_timestamp('03-FEB-15 02.50.50.000000000 PM','DD-MON-RR HH.MI.SSXFF AM'),'INCV',to_timestamp('03-FEB-15 02.50.50.000000000 PM','DD-MON-RR HH.MI.SSXFF AM'),'INCV');
Insert into INCV.INCENTIVEMESSAGEDEFAULTATTR (INCENTIVEMSGDEFAULTATTRID,ATTRIBUTECATGEORY,ATTRIBUTENM,ATTRIBUTETXT,LANGUAGEMNEMONIC,VOIDFLG,INSERTEDDT,INSERTEDBY,UPDATEDDT,UPDATEDBY) values (9,'INCGOALCAT_ACT','REQUIRED','Required','LANGCODE_EN','IN',to_timestamp('03-FEB-15 02.50.50.000000000 PM','DD-MON-RR HH.MI.SSXFF AM'),'INCV',to_timestamp('03-FEB-15 02.50.50.000000000 PM','DD-MON-RR HH.MI.SSXFF AM'),'INCV');
Insert into INCV.INCENTIVEMESSAGEDEFAULTATTR (INCENTIVEMSGDEFAULTATTRID,ATTRIBUTECATGEORY,ATTRIBUTENM,ATTRIBUTETXT,LANGUAGEMNEMONIC,VOIDFLG,INSERTEDDT,INSERTEDBY,UPDATEDDT,UPDATEDBY) values (10,'INCGOALCAT_ACT','REQUIRED','Requerido','LANGCODE_ES','IN',to_timestamp('03-FEB-15 02.50.50.000000000 PM','DD-MON-RR HH.MI.SSXFF AM'),'INCV',to_timestamp('03-FEB-15 02.50.50.000000000 PM','DD-MON-RR HH.MI.SSXFF AM'),'INCV');
Insert into INCV.INCENTIVEMESSAGEDEFAULTATTR (INCENTIVEMSGDEFAULTATTRID,ATTRIBUTECATGEORY,ATTRIBUTENM,ATTRIBUTETXT,LANGUAGEMNEMONIC,VOIDFLG,INSERTEDDT,INSERTEDBY,UPDATEDDT,UPDATEDBY) values (11,'INCGOALCAT_ACT','ALTERNATIVE','Alternative','LANGCODE_EN','IN',to_timestamp('03-FEB-15 02.50.50.000000000 PM','DD-MON-RR HH.MI.SSXFF AM'),'INCV',to_timestamp('03-FEB-15 02.50.50.000000000 PM','DD-MON-RR HH.MI.SSXFF AM'),'INCV');
Insert into INCV.INCENTIVEMESSAGEDEFAULTATTR (INCENTIVEMSGDEFAULTATTRID,ATTRIBUTECATGEORY,ATTRIBUTENM,ATTRIBUTETXT,LANGUAGEMNEMONIC,VOIDFLG,INSERTEDDT,INSERTEDBY,UPDATEDDT,UPDATEDBY) values (12,'INCGOALCAT_ACT','ALTERNATIVE','Anternativo','LANGCODE_ES','IN',to_timestamp('03-FEB-15 02.50.50.000000000 PM','DD-MON-RR HH.MI.SSXFF AM'),'INCV',to_timestamp('03-FEB-15 02.50.50.000000000 PM','DD-MON-RR HH.MI.SSXFF AM'),'INCV');
Insert into INCV.INCENTIVEMESSAGEDEFAULTATTR (INCENTIVEMSGDEFAULTATTRID,ATTRIBUTECATGEORY,ATTRIBUTENM,ATTRIBUTETXT,LANGUAGEMNEMONIC,VOIDFLG,INSERTEDDT,INSERTEDBY,UPDATEDDT,UPDATEDBY) values (13,'INCGOALCAT_ACT','NOT_REQUIRED','Not Required','LANGCODE_EN','IN',to_timestamp('03-FEB-15 02.50.50.000000000 PM','DD-MON-RR HH.MI.SSXFF AM'),'INCV',to_timestamp('03-FEB-15 02.50.50.000000000 PM','DD-MON-RR HH.MI.SSXFF AM'),'INCV');
Insert into INCV.INCENTIVEMESSAGEDEFAULTATTR (INCENTIVEMSGDEFAULTATTRID,ATTRIBUTECATGEORY,ATTRIBUTENM,ATTRIBUTETXT,LANGUAGEMNEMONIC,VOIDFLG,INSERTEDDT,INSERTEDBY,UPDATEDDT,UPDATEDBY) values (14,'INCGOALCAT_ACT','NOT_REQUIRED','No Requerido','LANGCODE_ES','IN',to_timestamp('03-FEB-15 02.50.50.000000000 PM','DD-MON-RR HH.MI.SSXFF AM'),'INCV',to_timestamp('03-FEB-15 02.50.50.000000000 PM','DD-MON-RR HH.MI.SSXFF AM'),'INCV');
Insert into INCV.INCENTIVEMESSAGEDEFAULTATTR (INCENTIVEMSGDEFAULTATTRID,ATTRIBUTECATGEORY,ATTRIBUTENM,ATTRIBUTETXT,LANGUAGEMNEMONIC,VOIDFLG,INSERTEDDT,INSERTEDBY,UPDATEDDT,UPDATEDBY) values (15,'INCGOALCAT_ACT','MET','Met','LANGCODE_EN','IN',to_timestamp('03-FEB-15 02.50.50.000000000 PM','DD-MON-RR HH.MI.SSXFF AM'),'INCV',to_timestamp('03-FEB-15 02.50.50.000000000 PM','DD-MON-RR HH.MI.SSXFF AM'),'INCV');
Insert into INCV.INCENTIVEMESSAGEDEFAULTATTR (INCENTIVEMSGDEFAULTATTRID,ATTRIBUTECATGEORY,ATTRIBUTENM,ATTRIBUTETXT,LANGUAGEMNEMONIC,VOIDFLG,INSERTEDDT,INSERTEDBY,UPDATEDDT,UPDATEDBY) values (16,'INCGOALCAT_ACT','MET','Cumplido','LANGCODE_ES','IN',to_timestamp('03-FEB-15 02.50.50.000000000 PM','DD-MON-RR HH.MI.SSXFF AM'),'INCV',to_timestamp('03-FEB-15 02.50.50.000000000 PM','DD-MON-RR HH.MI.SSXFF AM'),'INCV');
Insert into INCV.INCENTIVEMESSAGEDEFAULTATTR (INCENTIVEMSGDEFAULTATTRID,ATTRIBUTECATGEORY,ATTRIBUTENM,ATTRIBUTETXT,LANGUAGEMNEMONIC,VOIDFLG,INSERTEDDT,INSERTEDBY,UPDATEDDT,UPDATEDBY) values (17,'INCGOALCAT_ACT','MET_LATE','Met Late','LANGCODE_EN','IN',to_timestamp('03-FEB-15 02.50.50.000000000 PM','DD-MON-RR HH.MI.SSXFF AM'),'INCV',to_timestamp('03-FEB-15 02.50.50.000000000 PM','DD-MON-RR HH.MI.SSXFF AM'),'INCV');
Insert into INCV.INCENTIVEMESSAGEDEFAULTATTR (INCENTIVEMSGDEFAULTATTRID,ATTRIBUTECATGEORY,ATTRIBUTENM,ATTRIBUTETXT,LANGUAGEMNEMONIC,VOIDFLG,INSERTEDDT,INSERTEDBY,UPDATEDDT,UPDATEDBY) values (18,'INCGOALCAT_ACT','MET_LATE','Cumplido Tarde','LANGCODE_ES','IN',to_timestamp('03-FEB-15 02.50.51.000000000 PM','DD-MON-RR HH.MI.SSXFF AM'),'INCV',to_timestamp('03-FEB-15 02.50.51.000000000 PM','DD-MON-RR HH.MI.SSXFF AM'),'INCV');
Insert into INCV.INCENTIVEMESSAGEDEFAULTATTR (INCENTIVEMSGDEFAULTATTRID,ATTRIBUTECATGEORY,ATTRIBUTENM,ATTRIBUTETXT,LANGUAGEMNEMONIC,VOIDFLG,INSERTEDDT,INSERTEDBY,UPDATEDDT,UPDATEDBY) values (19,'INCGOALCAT_ACT','NOT_MET','Not Met','LANGCODE_EN','IN',to_timestamp('03-FEB-15 02.50.51.000000000 PM','DD-MON-RR HH.MI.SSXFF AM'),'INCV',to_timestamp('03-FEB-15 02.50.51.000000000 PM','DD-MON-RR HH.MI.SSXFF AM'),'INCV');
Insert into INCV.INCENTIVEMESSAGEDEFAULTATTR (INCENTIVEMSGDEFAULTATTRID,ATTRIBUTECATGEORY,ATTRIBUTENM,ATTRIBUTETXT,LANGUAGEMNEMONIC,VOIDFLG,INSERTEDDT,INSERTEDBY,UPDATEDDT,UPDATEDBY) values (20,'INCGOALCAT_ACT','NOT_MET','No Cumplido','LANGCODE_ES','IN',to_timestamp('03-FEB-15 02.50.51.000000000 PM','DD-MON-RR HH.MI.SSXFF AM'),'INCV',to_timestamp('03-FEB-15 02.50.51.000000000 PM','DD-MON-RR HH.MI.SSXFF AM'),'INCV');
Insert into INCV.INCENTIVEMESSAGEDEFAULTATTR (INCENTIVEMSGDEFAULTATTRID,ATTRIBUTECATGEORY,ATTRIBUTENM,ATTRIBUTETXT,LANGUAGEMNEMONIC,VOIDFLG,INSERTEDDT,INSERTEDBY,UPDATEDDT,UPDATEDBY) values (21,'INCGOALCAT_ACT','NOT_MET_LATE','Not Met Late','LANGCODE_EN','IN',to_timestamp('03-FEB-15 02.50.51.000000000 PM','DD-MON-RR HH.MI.SSXFF AM'),'INCV',to_timestamp('03-FEB-15 02.50.51.000000000 PM','DD-MON-RR HH.MI.SSXFF AM'),'INCV');
Insert into INCV.INCENTIVEMESSAGEDEFAULTATTR (INCENTIVEMSGDEFAULTATTRID,ATTRIBUTECATGEORY,ATTRIBUTENM,ATTRIBUTETXT,LANGUAGEMNEMONIC,VOIDFLG,INSERTEDDT,INSERTEDBY,UPDATEDDT,UPDATEDBY) values (22,'INCGOALCAT_ACT','NOT_MET_LATE','No Cumplido Tarde','LANGCODE_ES','IN',to_timestamp('03-FEB-15 02.50.51.000000000 PM','DD-MON-RR HH.MI.SSXFF AM'),'INCV',to_timestamp('03-FEB-15 02.50.51.000000000 PM','DD-MON-RR HH.MI.SSXFF AM'),'INCV');
Insert into INCV.INCENTIVEMESSAGEDEFAULTATTR (INCENTIVEMSGDEFAULTATTRID,ATTRIBUTECATGEORY,ATTRIBUTENM,ATTRIBUTETXT,LANGUAGEMNEMONIC,VOIDFLG,INSERTEDDT,INSERTEDBY,UPDATEDDT,UPDATEDBY) values (23,'INCGOALCAT_ACT','COMING_SOON','Coming Soon','LANGCODE_EN','IN',to_timestamp('03-FEB-15 02.50.51.000000000 PM','DD-MON-RR HH.MI.SSXFF AM'),'INCV',to_timestamp('03-FEB-15 02.50.51.000000000 PM','DD-MON-RR HH.MI.SSXFF AM'),'INCV');
Insert into INCV.INCENTIVEMESSAGEDEFAULTATTR (INCENTIVEMSGDEFAULTATTRID,ATTRIBUTECATGEORY,ATTRIBUTENM,ATTRIBUTETXT,LANGUAGEMNEMONIC,VOIDFLG,INSERTEDDT,INSERTEDBY,UPDATEDDT,UPDATEDBY) values (24,'INCGOALCAT_ACT','COMING_SOON','Viene Pronto','LANGCODE_ES','IN',to_timestamp('03-FEB-15 02.50.51.000000000 PM','DD-MON-RR HH.MI.SSXFF AM'),'INCV',to_timestamp('03-FEB-15 02.50.51.000000000 PM','DD-MON-RR HH.MI.SSXFF AM'),'INCV');
Insert into INCV.INCENTIVEMESSAGEDEFAULTATTR (INCENTIVEMSGDEFAULTATTRID,ATTRIBUTECATGEORY,ATTRIBUTENM,ATTRIBUTETXT,LANGUAGEMNEMONIC,VOIDFLG,INSERTEDDT,INSERTEDBY,UPDATEDDT,UPDATEDBY) values (25,'INCGOALCAT_ACT','WAIVED','Waived','LANGCODE_EN','IN',to_timestamp('26-JUL-16 07.18.33.482338000 AM','DD-MON-RR HH.MI.SSXFF AM'),'incv',to_timestamp('26-JUL-16 07.18.33.482338000 AM','DD-MON-RR HH.MI.SSXFF AM'),'incv');
Insert into INCV.INCENTIVEMESSAGEDEFAULTATTR (INCENTIVEMSGDEFAULTATTRID,ATTRIBUTECATGEORY,ATTRIBUTENM,ATTRIBUTETXT,LANGUAGEMNEMONIC,VOIDFLG,INSERTEDDT,INSERTEDBY,UPDATEDDT,UPDATEDBY) values (26,'INCGOALCAT_ACT','WAIVED','Renunciado','LANGCODE_ES','IN',to_timestamp('26-JUL-16 07.18.33.798316000 AM','DD-MON-RR HH.MI.SSXFF AM'),'incv',to_timestamp('26-JUL-16 07.18.33.798316000 AM','DD-MON-RR HH.MI.SSXFF AM'),'incv');
-- commit;

-- EXIT;